event_id,date,target_key,event_name,event_type,window_start,window_end,matched,n_flagged_hours_in_window,peak_hour,peak_ridership,peak_baseline,peak_anomaly_ratio,peak_z_score,peak_flag_method
civic-dfa67d3409db,2024-01-01,times_sq,New Year's Day Ball Drop Aftermath,Civic,2023-12-31 21:00:00,2024-01-01 05:00:00,True,5,2024-01-01 02:00:00,3218.0,277.5,11.596396396396397,,ratio
nba-2c2609742113,2024-01-01,msg_penn,NYK vs Minnesota Timberwolves,Sports-NBA,2024-01-01 12:00:00,2024-01-01 20:30:00,False,0,,,,,,
nhl-a2a4818f7dc6,2024-01-02,msg_penn,NYR vs Carolina Hurricanes,Sports-NHL,2024-01-02 16:00:00,2024-01-03 00:30:00,False,0,,,,,,
nba-13766732cf32,2024-01-03,msg_penn,NYK vs Chicago Bulls,Sports-NBA,2024-01-03 17:30:00,2024-01-04 02:00:00,True,2,2024-01-03 23:00:00,2082.0,754.0,2.7612732095490715,,ratio
nhl-a0ec3157d3c8,2024-01-04,msg_penn,NYR vs Chicago Blackhawks,Sports-NHL,2024-01-04 16:00:00,2024-01-05 00:30:00,True,1,2024-01-04 21:00:00,3508.0,2232.5,1.5713325867861143,,ratio
nba-7881147cd73e,2024-01-05,barclays,BRK vs Oklahoma City Thunder,Sports-NBA,2024-01-05 16:30:00,2024-01-06 01:00:00,True,2,2024-01-05 22:00:00,5508.0,926.0,5.94816414686825,,ratio
nba-b7fd471245fe,2024-01-07,barclays,BRK vs Portland Trail Blazers,Sports-NBA,2024-01-07 12:00:00,2024-01-07 20:30:00,True,2,2024-01-07 18:00:00,3669.0,1410.5,2.6012052463665367,,ratio
nhl-ecb29ab81a95,2024-01-08,msg_penn,NYR vs Vancouver Canucks,Sports-NHL,2024-01-08 16:00:00,2024-01-09 00:30:00,False,0,,,,,,
nba-2be5758506b9,2024-01-09,msg_penn,NYK vs Portland Trail Blazers,Sports-NBA,2024-01-09 16:30:00,2024-01-10 01:00:00,False,0,,,,,,
concert-0a41a4dde4b6,2024-01-11,msg_penn,Billy Joel @ Madison Square Garden,Concert,2024-01-11 17:00:00,2024-01-12 02:00:00,False,0,,,,,,
concert-cbd1b087a4f0,2024-01-12,msg_penn,Tool @ Madison Square Garden,Concert,2024-01-12 17:00:00,2024-01-13 02:00:00,False,0,,,,,,
concert-7b5984170d0e,2024-01-13,msg_penn,Elder @ Madison Square Garden,Concert,2024-01-13 17:00:00,2024-01-14 02:00:00,False,0,,,,,,
nhl-aa3d2090394e,2024-01-14,msg_penn,NYR vs Washington Capitals,Sports-NHL,2024-01-14 16:00:00,2024-01-15 00:30:00,False,0,,,,,,
nba-38cfbd800563,2024-01-15,msg_penn,NYK vs Orlando Magic,Sports-NBA,2024-01-15 12:00:00,2024-01-15 20:30:00,True,2,2024-01-15 14:00:00,1951.0,2038.0,0.9573110893032385,4.840961809661748,z
nba-71861ab40069,2024-01-15,barclays,BRK vs Miami Heat,Sports-NBA,2024-01-15 16:30:00,2024-01-16 01:00:00,True,5,2024-01-15 22:00:00,4861.0,642.5,7.565758754863813,50.39846558166699,both
nhl-9972c3eef7ce,2024-01-16,msg_penn,NYR vs Seattle Kraken,Sports-NHL,2024-01-16 16:00:00,2024-01-17 00:30:00,True,1,2024-01-16 23:00:00,721.0,683.0,1.055636896046852,4.692617729692543,z
nba-a5f1a03d3d5b,2024-01-17,msg_penn,NYK vs Houston Rockets,Sports-NBA,2024-01-17 16:30:00,2024-01-18 01:00:00,True,4,2024-01-17 22:00:00,2635.0,1364.5,1.931110296812019,4.828902429488732,both
nba-779d12ea1d87,2024-01-18,msg_penn,NYK vs Washington Wizards,Sports-NBA,2024-01-18 16:30:00,2024-01-19 01:00:00,True,2,2024-01-18 22:00:00,2864.0,1784.0,1.6053811659192825,2.7750012790565397,ratio
nba-19e2757be781,2024-01-20,msg_penn,NYK vs Toronto Raptors,Sports-NBA,2024-01-20 16:30:00,2024-01-21 01:00:00,True,2,2024-01-20 22:00:00,2472.0,1719.5,1.4376272172143065,34.0295138446026,z
concert-eb1122fa69d4,2024-01-22,msg_penn,Madonna @ Madison Square Garden,Concert,2024-01-22 17:00:00,2024-01-23 02:00:00,True,2,2024-01-23 00:00:00,1491.0,400.5,3.7228464419475658,33.737773749068424,both
nba-859ca2ea7fe4,2024-01-23,barclays,BRK vs New York Knicks,Sports-NBA,2024-01-23 16:30:00,2024-01-24 01:00:00,True,5,2024-01-23 22:00:00,3628.0,707.0,5.1315417256011315,41.02916964209236,both
concert-8445aa85eca4,2024-01-23,msg_penn,Madonna @ Madison Square Garden,Concert,2024-01-23 17:00:00,2024-01-24 02:00:00,True,4,2024-01-24 00:00:00,1299.0,355.0,3.659154929577465,17.68421052631579,both
nba-5c1a18d71ff3,2024-01-25,barclays,BRK vs Minnesota Timberwolves,Sports-NBA,2024-01-25 16:30:00,2024-01-26 01:00:00,True,4,2024-01-25 22:00:00,4242.0,806.5,5.259764414135152,91.94303036844792,both
nba-d30d5d1d0a56,2024-01-25,msg_penn,NYK vs Denver Nuggets,Sports-NBA,2024-01-25 16:30:00,2024-01-26 01:00:00,True,1,2024-01-25 21:00:00,2381.0,1798.5,1.3238810119544064,6.452888890111272,z
nhl-5da40099c8d1,2024-01-26,msg_penn,NYR vs Vegas Golden Knights,Sports-NHL,2024-01-26 16:00:00,2024-01-27 00:30:00,True,1,2024-01-26 21:00:00,2441.0,1778.0,1.3728908886389202,4.743057104421727,z
nba-e6352657dbd2,2024-01-27,msg_penn,NYK vs Miami Heat,Sports-NBA,2024-01-27 12:00:00,2024-01-27 20:30:00,True,2,2024-01-27 17:00:00,4230.0,2961.0,1.4285714285714286,3.2091409110373235,z
nba-59fdf59fa842,2024-01-27,barclays,BRK vs Houston Rockets,Sports-NBA,2024-01-27 15:00:00,2024-01-27 23:30:00,True,3,2024-01-27 20:00:00,3928.0,1188.0,3.3063973063973062,33.28185427246586,both
nba-6c28874f3e9d,2024-01-29,barclays,BRK vs Utah Jazz,Sports-NBA,2024-01-29 16:30:00,2024-01-30 01:00:00,True,2,2024-01-29 22:00:00,2087.0,642.5,3.248249027237354,0.2444481820315714,ratio
concert-3080a5d6e9d9,2024-01-29,msg_penn,Madonna @ Madison Square Garden,Concert,2024-01-29 17:00:00,2024-01-30 02:00:00,True,2,2024-01-30 00:00:00,1460.0,377.0,3.872679045092838,1.648781404339263,ratio
nba-7f30d5f0080d,2024-01-30,msg_penn,NYK vs Utah Jazz,Sports-NBA,2024-01-30 16:30:00,2024-01-31 01:00:00,False,0,,,,,,
nba-d7cfd05a3077,2024-01-31,barclays,BRK vs Phoenix Suns,Sports-NBA,2024-01-31 17:30:00,2024-02-01 02:00:00,True,4,2024-01-31 23:00:00,3753.0,420.5,8.925089179548158,87.77948160707786,both
nba-8be69378846a,2024-02-01,msg_penn,NYK vs Indiana Pacers,Sports-NBA,2024-02-01 16:30:00,2024-02-02 01:00:00,False,0,,,,,,
nba-f86b0b0fa6d0,2024-02-03,msg_penn,NYK vs Los Angeles Lakers,Sports-NBA,2024-02-03 17:30:00,2024-02-04 02:00:00,True,1,2024-02-03 23:00:00,2004.0,1180.0,1.6983050847457628,3.79196567348061,both
nhl-4d7608dddfd8,2024-02-05,msg_penn,NYR vs Colorado Avalanche,Sports-NHL,2024-02-05 16:00:00,2024-02-06 00:30:00,True,1,2024-02-05 20:00:00,1436.0,1607.0,0.8935905413814561,7.351470441147034,z
nba-0d8f09642940,2024-02-05,barclays,BRK vs Golden State Warriors,Sports-NBA,2024-02-05 16:30:00,2024-02-06 01:00:00,True,1,2024-02-05 22:00:00,4997.0,642.5,7.777431906614786,1.4605847865538386,ratio
nba-10cdcfa57567,2024-02-06,barclays,BRK vs Dallas Mavericks,Sports-NBA,2024-02-06 16:30:00,2024-02-07 01:00:00,True,2,2024-02-06 21:00:00,3486.0,922.0,3.7809110629067244,2.2802923435730036,ratio
nba-1898002bc4fe,2024-02-06,msg_penn,NYK vs Memphis Grizzlies,Sports-NBA,2024-02-06 16:30:00,2024-02-07 01:00:00,False,0,,,,,,
nhl-feb1faef5784,2024-02-07,msg_penn,NYR vs Tampa Bay Lightning,Sports-NHL,2024-02-07 16:00:00,2024-02-08 00:30:00,True,1,2024-02-07 21:00:00,2603.0,1633.5,1.593510866238139,4.920803615838977,both
nba-c8b9499e5be3,2024-02-08,barclays,BRK vs Cleveland Cavaliers,Sports-NBA,2024-02-08 16:30:00,2024-02-09 01:00:00,True,2,2024-02-08 21:00:00,4040.0,1076.5,3.7529029261495586,8.905664756322002,both
nba-e1bb899c4796,2024-02-08,msg_penn,NYK vs Dallas Mavericks,Sports-NBA,2024-02-08 16:30:00,2024-02-09 01:00:00,True,1,2024-02-08 19:00:00,2329.0,2444.5,0.952751073839231,3.0942728085825215,z
concert-7e1abeb2986c,2024-02-09,barclays,Silk @ Barclays Center,Concert,2024-02-09 17:00:00,2024-02-10 02:00:00,True,5,2024-02-10 00:00:00,1093.0,338.0,3.2337278106508878,20.251828009846353,both
concert-a683706a07f9,2024-02-09,msg_penn,Billy Joel @ Madison Square Garden,Concert,2024-02-09 17:00:00,2024-02-10 02:00:00,True,4,2024-02-10 01:00:00,419.0,296.5,1.4131534569983137,7.061563703860327,z
nba-80e4d81beedf,2024-02-10,barclays,BRK vs San Antonio Spurs,Sports-NBA,2024-02-10 15:00:00,2024-02-10 23:30:00,True,2,2024-02-10 20:00:00,5889.0,1188.0,4.957070707070707,2.855789948004506,ratio
nba-5a4a8c77c0de,2024-02-10,msg_penn,NYK vs Indiana Pacers,Sports-NBA,2024-02-10 16:30:00,2024-02-11 01:00:00,False,0,,,,,,
nhl-ed96681e49e0,2024-02-12,msg_penn,NYR vs Calgary Flames,Sports-NHL,2024-02-12 16:00:00,2024-02-13 00:30:00,True,3,2024-02-12 19:00:00,1976.0,2009.5,0.9833291863647674,5.827296838315646,z
nba-8de56b6d0cff,2024-02-13,barclays,BRK vs Boston Celtics,Sports-NBA,2024-02-13 16:30:00,2024-02-14 01:00:00,True,2,2024-02-13 22:00:00,5883.0,707.0,8.32107496463932,2.637415846626655,ratio
nhl-8e9856e29ae3,2024-02-15,msg_penn,NYR vs Montreal Canadiens,Sports-NHL,2024-02-15 16:00:00,2024-02-16 00:30:00,True,1,2024-02-15 23:00:00,1042.0,1026.0,1.0155945419103314,6.351948126233396,z
concert-926569cab0fb,2024-02-17,barclays,Joker Xue @ Barclays Center,Concert,2024-02-17 17:00:00,2024-02-18 02:00:00,True,1,2024-02-17 22:00:00,3922.0,776.5,5.050869285254347,20.425736115221078,both
nhl-e1226a9feeb9,2024-02-20,msg_penn,NYR vs Dallas Stars,Sports-NHL,2024-02-20 16:00:00,2024-02-21 00:30:00,False,0,,,,,,
concert-598dd690e184,2024-02-22,msg_penn,Lamb of God @ Madison Square Garden,Concert,2024-02-22 17:00:00,2024-02-23 02:00:00,True,4,2024-02-22 23:00:00,1447.0,1026.0,1.4103313840155944,5.5199885085004405,z
nba-964061fdde83,2024-02-24,msg_penn,NYK vs Boston Celtics,Sports-NBA,2024-02-24 17:30:00,2024-02-25 02:00:00,False,0,,,,,,
nba-ad074823e50e,2024-02-26,msg_penn,NYK vs Detroit Pistons,Sports-NBA,2024-02-26 16:30:00,2024-02-27 01:00:00,True,2,2024-02-26 22:00:00,1919.0,1415.5,1.3557046979865772,5.540565094901013,z
nba-467dc8ab544f,2024-02-27,msg_penn,NYK vs New Orleans Pelicans,Sports-NBA,2024-02-27 16:30:00,2024-02-28 01:00:00,False,0,,,,,,
nhl-e35a60715cbe,2024-02-28,msg_penn,NYR vs Columbus Blue Jackets,Sports-NHL,2024-02-28 16:00:00,2024-02-29 00:30:00,True,1,2024-02-28 20:00:00,2170.0,2132.5,1.0175849941383353,4.379183788529196,z
nba-42dd8e17e854,2024-02-29,barclays,BRK vs Atlanta Hawks,Sports-NBA,2024-02-29 16:30:00,2024-03-01 01:00:00,True,4,2024-02-29 22:00:00,3095.0,806.5,3.837569745815251,2.9168130494138755,ratio
nba-39b461415654,2024-02-29,msg_penn,NYK vs Golden State Warriors,Sports-NBA,2024-02-29 16:30:00,2024-03-01 01:00:00,True,1,2024-02-29 19:00:00,2533.0,2444.5,1.0362037226426672,3.1742879461468387,z
concert-74461b1f3077,2024-03-01,barclays,Subtronics @ Barclays Center,Concert,2024-03-01 17:00:00,2024-03-02 02:00:00,True,1,2024-03-01 23:00:00,1660.0,731.5,2.2693096377306903,9.221393526435993,both
nba-2acdef01cbf8,2024-03-02,barclays,BRK vs Atlanta Hawks,Sports-NBA,2024-03-02 12:00:00,2024-03-02 20:30:00,True,2,2024-03-02 17:00:00,5301.0,2008.5,2.6392830470500375,6.926926385079857,both
nhl-5b89a389c3c8,2024-03-04,msg_penn,NYR vs Florida Panthers,Sports-NHL,2024-03-04 16:00:00,2024-03-05 00:30:00,False,0,,,,,,
nba-720de85a4118,2024-03-04,barclays,BRK vs Memphis Grizzlies,Sports-NBA,2024-03-04 16:30:00,2024-03-05 01:00:00,True,3,2024-03-04 22:00:00,3880.0,642.5,6.038910505836576,1.0079726679984906,ratio
nba-5666dad0b04d,2024-03-05,barclays,BRK vs Philadelphia 76ers,Sports-NBA,2024-03-05 16:30:00,2024-03-06 01:00:00,True,2,2024-03-05 22:00:00,5135.0,707.0,7.263083451202263,1.0882828608790678,ratio
nba-d8f075ff19e9,2024-03-05,msg_penn,NYK vs Atlanta Hawks,Sports-NBA,2024-03-05 16:30:00,2024-03-06 01:00:00,False,0,,,,,,
nba-0b95f39807b6,2024-03-08,msg_penn,NYK vs Orlando Magic,Sports-NBA,2024-03-08 16:30:00,2024-03-09 01:00:00,True,7,2024-03-08 22:00:00,2573.0,1789.5,1.4378317965912266,4.610558255418833,z
nhl-e90d38f67662,2024-03-09,msg_penn,NYR vs St. Louis Blues,Sports-NHL,2024-03-09 16:00:00,2024-03-10 00:30:00,True,4,2024-03-09 22:00:00,2657.0,1719.5,1.5452166327420762,2.1858852279983165,ratio
concert-b9c5adc7ce65,2024-03-09,barclays,Don Omar @ Barclays Center,Concert,2024-03-09 17:00:00,2024-03-10 02:00:00,True,1,2024-03-09 23:00:00,2597.0,682.0,3.80791788856305,17.018535020228324,both
nba-1768bfa900c1,2024-03-10,msg_penn,NYK vs Philadelphia 76ers,Sports-NBA,2024-03-10 16:00:00,2024-03-11 00:30:00,True,4,2024-03-10 21:00:00,2935.0,1456.0,2.0157967032967035,12.070778236914773,both
nhl-be2a22574889,2024-03-11,msg_penn,NYR vs New Jersey Devils,Sports-NHL,2024-03-11 16:00:00,2024-03-12 00:30:00,True,1,2024-03-11 20:00:00,2060.0,2070.5,0.9949287611687998,7.446227280710152,z
nba-21006c0fd6be,2024-03-12,msg_penn,NYK vs Philadelphia 76ers,Sports-NBA,2024-03-12 16:30:00,2024-03-13 01:00:00,False,0,,,,,,
parade-086381d26c5f,2024-03-17,times_sq,St. Patrick's Day Parade,Parade,2024-03-17 08:00:00,2024-03-17 20:00:00,True,5,2024-03-17 10:00:00,5490.0,4015.0,1.3673723536737235,7.175134325243766,z
nhl-ee2bfc5d5ab3,2024-03-17,msg_penn,NYR vs New York Islanders,Sports-NHL,2024-03-17 16:00:00,2024-03-18 00:30:00,True,2,2024-03-17 16:00:00,2534.0,2248.0,1.1272241992882561,8.776362821869254,z
nhl-7dc7e3874cac,2024-03-19,msg_penn,NYR vs Winnipeg Jets,Sports-NHL,2024-03-19 16:00:00,2024-03-20 00:30:00,True,2,2024-03-19 16:00:00,3065.0,2894.0,1.059087767795439,3.367059629474543,z
nba-a5f7f89dc4a6,2024-03-19,barclays,BRK vs New Orleans Pelicans,Sports-NBA,2024-03-19 16:30:00,2024-03-20 01:00:00,True,2,2024-03-19 21:00:00,5012.0,922.0,5.436008676789588,7.542106303175831,both
concert-3653856a2641,2024-03-22,msg_penn,Jimmy Eat World @ Madison Square Garden,Concert,2024-03-22 17:00:00,2024-03-23 02:00:00,True,3,2024-03-22 23:00:00,2068.0,1170.5,1.7667663391712942,5.130410414841724,both
nba-45e6fc27bdc7,2024-03-23,msg_penn,NYK vs Brooklyn Nets,Sports-NBA,2024-03-23 10:00:00,2024-03-23 18:30:00,True,1,2024-03-23 15:00:00,4009.0,2440.5,1.6426961688178652,8.253716346916406,both
nhl-74683913d72b,2024-03-23,msg_penn,NYR vs Florida Panthers,Sports-NHL,2024-03-23 16:00:00,2024-03-24 00:30:00,True,1,2024-03-23 23:00:00,1993.0,1180.0,1.6889830508474577,2.521433430295038,ratio
nba-7798ad6c0f17,2024-03-25,msg_penn,NYK vs Detroit Pistons,Sports-NBA,2024-03-25 16:30:00,2024-03-26 01:00:00,True,4,2024-03-25 22:00:00,2533.0,1415.5,1.7894736842105263,2.761151560700834,ratio
nhl-dee739f4c793,2024-03-26,msg_penn,NYR vs Philadelphia Flyers,Sports-NHL,2024-03-26 16:00:00,2024-03-27 00:30:00,True,1,2024-03-26 23:00:00,684.0,603.5,1.1333885666942833,6.1722709353605465,z
concert-dbdf468db951,2024-03-27,barclays,Zach Bryan @ Barclays Center,Concert,2024-03-27 17:00:00,2024-03-28 02:00:00,True,2,2024-03-27 23:00:00,4200.0,420.5,9.988109393579073,110.52758608960981,both
concert-fdd9bd23d1b0,2024-03-28,barclays,Zach Bryan @ Barclays Center,Concert,2024-03-28 17:00:00,2024-03-29 02:00:00,True,3,2024-03-28 23:00:00,4761.0,495.5,9.608476286579213,55.42370454691561,both
concert-2782c284948c,2024-03-28,msg_penn,Billy Joel @ Madison Square Garden,Concert,2024-03-28 17:00:00,2024-03-29 02:00:00,True,4,2024-03-28 23:00:00,1964.0,879.0,2.234357224118316,13.14120669260062,both
mlb-18857727e44a,2024-03-29,mets,NYM vs MIL,Sports-MLB,2024-03-29 10:00:00,2024-03-29 19:00:00,True,7,2024-03-29 16:00:00,5678.0,172.0,33.01162790697674,199.61867878728742,both
nba-b1848a73147e,2024-03-29,barclays,BRK vs Chicago Bulls,Sports-NBA,2024-03-29 16:30:00,2024-03-30 01:00:00,True,2,2024-03-29 22:00:00,5853.0,926.0,6.3207343412527,12.417516393528679,both
mlb-8493d3a134bc,2024-03-30,mets,NYM vs MIL,Sports-MLB,2024-03-30 10:00:00,2024-03-30 19:00:00,True,10,2024-03-30 16:00:00,6294.0,127.5,49.36470588235294,105.8085014398677,both
concert-46199688484b,2024-03-30,barclays,Tamar Braxton @ Barclays Center,Concert,2024-03-30 17:00:00,2024-03-31 02:00:00,True,1,2024-03-31 00:00:00,576.0,366.5,1.5716234652114598,2.8188153571728063,ratio
concert-7323fe1778c5,2024-03-30,msg_penn,Nicki Minaj @ Madison Square Garden,Concert,2024-03-30 17:00:00,2024-03-31 02:00:00,True,2,2024-03-31 00:00:00,1805.0,634.5,2.8447596532702915,9.648966062962483,both
mlb-504e80df3011,2024-03-31,mets,NYM vs MIL,Sports-MLB,2024-03-31 10:00:00,2024-03-31 19:00:00,True,10,2024-03-31 16:00:00,2595.0,128.0,20.2734375,37.00675933100976,both
nba-9bdd37102628,2024-03-31,barclays,BRK vs Los Angeles Lakers,Sports-NBA,2024-03-31 15:00:00,2024-03-31 23:30:00,True,2,2024-03-31 20:00:00,5774.0,855.0,6.753216374269006,6.857390922183156,both
nba-f9360c660604,2024-03-31,msg_penn,NYK vs Oklahoma City Thunder,Sports-NBA,2024-03-31 16:00:00,2024-04-01 00:30:00,True,7,2024-03-31 22:00:00,2203.0,1027.0,2.1450827653359297,9.562367984693182,both
mlb-2dafc327f36c,2024-04-01,mets,NYM vs DET,Sports-MLB,2024-04-01 16:00:00,2024-04-02 01:00:00,True,4,2024-04-01 22:00:00,2443.0,52.0,46.98076923076923,256.79407174430423,both
nhl-3c19ca936cde,2024-04-01,msg_penn,NYR vs Pittsburgh Penguins,Sports-NHL,2024-04-01 16:00:00,2024-04-02 00:30:00,True,4,2024-04-01 21:00:00,2553.0,1485.0,1.7191919191919192,1.043322349185462,ratio
nhl-caeb61f36599,2024-04-03,msg_penn,NYR vs New Jersey Devils,Sports-NHL,2024-04-03 16:00:00,2024-04-04 00:30:00,True,3,2024-04-03 17:00:00,9280.0,6500.5,1.4275824936543342,13.597955996062899,z
nba-b720aed366a5,2024-04-03,barclays,BRK vs Indiana Pacers,Sports-NBA,2024-04-03 16:30:00,2024-04-04 01:00:00,True,2,2024-04-03 22:00:00,5843.0,744.5,7.848220282068502,39.07252553676071,both
mlb-5a01e0aa8482,2024-04-04,mets,NYM vs DET (G1),Sports-MLB,2024-04-04 10:00:00,2024-04-04 19:00:00,True,8,2024-04-04 18:00:00,814.0,180.0,4.522222222222222,21.36107180804434,both
mlb-ffd812bdf56d,2024-04-04,mets,NYM vs DET (G2),Sports-MLB,2024-04-04 10:00:00,2024-04-04 19:00:00,True,8,2024-04-04 18:00:00,814.0,180.0,4.522222222222222,21.36107180804434,both
nba-c439c47ee391,2024-04-04,msg_penn,NYK vs Sacramento Kings,Sports-NBA,2024-04-04 16:30:00,2024-04-05 01:00:00,True,3,2024-04-04 22:00:00,3255.0,1662.5,1.9578947368421054,11.125041804606544,both
concert-52063ca58d18,2024-04-04,barclays,Nicki Minaj @ Barclays Center,Concert,2024-04-04 17:00:00,2024-04-05 02:00:00,True,2,2024-04-05 00:00:00,1043.0,245.5,4.24847250509165,7.812144744674891,both
mlb-5314eb989ca0,2024-04-05,yankee,NYY vs TOR,Sports-MLB,2024-04-05 10:00:00,2024-04-05 19:00:00,True,7,2024-04-05 16:00:00,12276.0,1131.0,10.854111405835544,159.6874136559621,both
concert-ca172087cfe3,2024-04-05,msg_penn,Olivia Rodrigo @ Madison Square Garden,Concert,2024-04-05 17:00:00,2024-04-06 02:00:00,True,2,2024-04-05 19:00:00,3178.0,3018.0,1.053015241882041,3.0457682565624555,z
nba-dacaa2caebe2,2024-04-06,barclays,BRK vs Detroit Pistons,Sports-NBA,2024-04-06 16:00:00,2024-04-07 00:30:00,True,2,2024-04-06 21:00:00,5093.0,1102.5,4.619501133786848,28.660643246905405,both
mlb-0477b06770d3,2024-04-06,yankee,NYY vs TOR,Sports-MLB,2024-04-06 16:00:00,2024-04-07 01:00:00,True,6,2024-04-06 22:00:00,7739.0,270.0,28.66296296296296,16.161023831184355,both
concert-28780899b1f9,2024-04-06,msg_penn,The Breeders @ Madison Square Garden,Concert,2024-04-06 17:00:00,2024-04-07 02:00:00,False,0,,,,,,
mlb-8d7fcc91efdd,2024-04-07,yankee,NYY vs TOR,Sports-MLB,2024-04-07 10:00:00,2024-04-07 19:00:00,True,6,2024-04-07 16:00:00,5522.0,525.0,10.518095238095238,143.68384097960666,both
nhl-bbfeb666a99d,2024-04-07,msg_penn,NYR vs Montreal Canadiens,Sports-NHL,2024-04-07 16:00:00,2024-04-08 00:30:00,False,0,,,,,,
nba-11d5171f4767,2024-04-07,barclays,BRK vs Sacramento Kings,Sports-NBA,2024-04-07 16:30:00,2024-04-08 01:00:00,True,2,2024-04-07 21:00:00,3862.0,828.5,4.661436330718165,2.402152817713737,ratio
mlb-2ce130dbb335,2024-04-08,yankee,NYY vs MIA,Sports-MLB,2024-04-08 16:00:00,2024-04-09 01:00:00,True,5,2024-04-08 20:00:00,5288.0,339.0,15.59882005899705,766.2475464412125,both
concert-bf23a9c75ba8,2024-04-08,msg_penn,The Breeders @ Madison Square Garden,Concert,2024-04-08 17:00:00,2024-04-09 02:00:00,True,2,2024-04-08 22:00:00,1866.0,1073.0,1.739049394221808,0.5578484573701559,ratio
mlb-5e3c6db4875e,2024-04-09,yankee,NYY vs MIA,Sports-MLB,2024-04-09 16:00:00,2024-04-10 01:00:00,True,6,2024-04-09 21:00:00,7205.0,321.0,22.445482866043612,167.02189369842208,both
concert-e4f3d3f7d68e,2024-04-09,msg_penn,Olivia Rodrigo @ Madison Square Garden,Concert,2024-04-09 17:00:00,2024-04-10 02:00:00,True,3,2024-04-09 22:00:00,2610.0,1476.0,1.7682926829268293,1.9151905563215348,ratio
mlb-580612bc4609,2024-04-10,yankee,NYY vs MIA,Sports-MLB,2024-04-10 16:00:00,2024-04-11 01:00:00,True,6,2024-04-10 22:00:00,5700.0,252.5,22.574257425742573,348.93943803973264,both
nba-0bf6439d57f9,2024-04-10,barclays,BRK vs Toronto Raptors,Sports-NBA,2024-04-10 16:30:00,2024-04-11 01:00:00,True,2,2024-04-10 22:00:00,4859.0,744.5,6.526527871054399,1.1154497066141948,ratio
nhl-1204201d63f8,2024-04-11,msg_penn,NYR vs Philadelphia Flyers,Sports-NHL,2024-04-11 16:00:00,2024-04-12 00:30:00,True,2,2024-04-11 21:00:00,2543.0,1658.0,1.5337756332931243,5.1511537476942255,both
concert-d60178303d43,2024-04-11,barclays,Bad Bunny @ Barclays Center,Concert,2024-04-11 17:00:00,2024-04-12 02:00:00,True,3,2024-04-12 00:00:00,2681.0,245.5,10.920570264765784,5.677636806841258,both
mlb-1a3c0fd11dff,2024-04-12,mets,NYM vs KCR,Sports-MLB,2024-04-12 16:00:00,2024-04-13 01:00:00,True,4,2024-04-12 21:00:00,1892.0,673.0,2.8112927191679047,292.5859883162667,both
nba-b5b2137af629,2024-04-12,msg_penn,NYK vs Brooklyn Nets,Sports-NBA,2024-04-12 16:30:00,2024-04-13 01:00:00,True,2,2024-04-12 22:00:00,3206.0,1857.5,1.7259757738896366,2.531274585363644,ratio
mlb-b5dfb36f4a61,2024-04-13,mets,NYM vs KCR,Sports-MLB,2024-04-13 10:00:00,2024-04-13 19:00:00,True,2,2024-04-13 16:00:00,3940.0,275.0,14.327272727272728,0.7366338375143244,ratio
nhl-38e4bf6eb3fd,2024-04-13,msg_penn,NYR vs New York Islanders,Sports-NHL,2024-04-13 16:00:00,2024-04-14 00:30:00,False,0,,,,,,
concert-1178bd1a9833,2024-04-13,barclays,Bad Bunny @ Barclays Center,Concert,2024-04-13 17:00:00,2024-04-14 02:00:00,True,2,2024-04-14 00:00:00,3779.0,362.0,10.439226519337016,22.859007664630347,both
mlb-2af033f83f1e,2024-04-14,mets,NYM vs KCR,Sports-MLB,2024-04-14 10:00:00,2024-04-14 19:00:00,True,4,2024-04-14 17:00:00,4579.0,400.0,11.4475,514.7036747656218,both
nba-341b59db0c65,2024-04-14,msg_penn,NYK vs Chicago Bulls,Sports-NBA,2024-04-14 10:00:00,2024-04-14 18:30:00,True,1,2024-04-14 12:00:00,1863.0,1862.5,1.0002684563758388,3.900157478816263,z
mlb-7a8c7bf745b6,2024-04-15,mets,NYM vs PIT,Sports-MLB,2024-04-15 16:00:00,2024-04-16 01:00:00,True,6,2024-04-15 22:00:00,2927.0,52.0,56.28846153846154,1.9018679600882542,ratio
nhl-796830874bd0,2024-04-15,msg_penn,NYR vs Ottawa Senators,Sports-NHL,2024-04-15 16:00:00,2024-04-16 00:30:00,True,3,2024-04-15 22:00:00,2366.0,1073.0,2.2050326188257223,0.9952626875691158,ratio
mlb-f974e2014cc5,2024-04-16,mets,NYM vs PIT,Sports-MLB,2024-04-16 16:00:00,2024-04-17 01:00:00,True,7,2024-04-16 21:00:00,3743.0,100.0,37.43,9.333418953246245,both
mlb-111a7439fa4b,2024-04-17,mets,NYM vs PIT,Sports-MLB,2024-04-17 10:00:00,2024-04-17 19:00:00,True,6,2024-04-17 15:00:00,2390.0,222.0,10.765765765765765,64.6004111575189,both
mlb-da08ad526ff4,2024-04-19,yankee,NYY vs TBR,Sports-MLB,2024-04-19 16:00:00,2024-04-20 01:00:00,True,5,2024-04-19 21:00:00,6610.0,501.0,13.193612774451097,526.539781600966,both
mlb-5b5d423c8b6b,2024-04-20,yankee,NYY vs TBR,Sports-MLB,2024-04-20 10:00:00,2024-04-20 19:00:00,True,5,2024-04-20 15:00:00,9108.0,726.5,12.536820371644872,65.32327346559973,both
nba-b934d199bcf9,2024-04-20,msg_penn,Knicks vs 76ers (ECR1 G1),Sports-NBA,2024-04-20 15:00:00,2024-04-21 00:00:00,True,2,2024-04-20 21:00:00,3348.0,1614.5,2.0737070300402602,12.439115449702332,both
mlb-559622f8ae98,2024-04-21,yankee,NYY vs TBR,Sports-MLB,2024-04-21 10:00:00,2024-04-21 19:00:00,True,3,2024-04-21 16:00:00,9559.0,525.0,18.207619047619048,3.080601166133769,both
nhl-74893ae77ffc,2024-04-21,msg_penn,Rangers vs Capitals (R1 G1),Sports-NHL,2024-04-21 12:00:00,2024-04-21 20:30:00,True,1,2024-04-21 18:00:00,3326.0,2382.5,1.3960125918153201,40.46466307291741,z
mlb-3fbb3f1a9419,2024-04-22,yankee,NYY vs OAK,Sports-MLB,2024-04-22 10:00:00,2024-04-22 19:00:00,True,3,2024-04-22 15:00:00,5882.0,1003.0,5.864406779661017,55.8109226094716,both
nba-da5b933d9ff7,2024-04-22,msg_penn,Knicks vs 76ers (ECR1 G2),Sports-NBA,2024-04-22 16:30:00,2024-04-23 01:00:00,True,2,2024-04-22 22:00:00,3093.0,1073.0,2.882572227399814,1.9955260455347439,ratio
nhl-3c913f7594a8,2024-04-23,msg_penn,Rangers vs Capitals (R1 G2),Sports-NHL,2024-04-23 16:00:00,2024-04-24 00:30:00,True,1,2024-04-23 22:00:00,2025.0,1340.0,1.5111940298507462,0.5858107573561694,ratio
mlb-b7f19ebd6392,2024-04-23,yankee,NYY vs OAK,Sports-MLB,2024-04-23 16:00:00,2024-04-24 01:00:00,True,3,2024-04-23 21:00:00,7593.0,321.0,23.654205607476637,1.6117014666956149,ratio
mlb-57a84703f518,2024-04-24,yankee,NYY vs OAK,Sports-MLB,2024-04-24 16:00:00,2024-04-25 01:00:00,True,4,2024-04-24 21:00:00,8200.0,313.0,26.19808306709265,3.26531623328089,both
mlb-1becacd15be8,2024-04-25,yankee,NYY vs OAK,Sports-MLB,2024-04-25 16:00:00,2024-04-26 01:00:00,True,6,2024-04-25 21:00:00,11084.0,318.0,34.855345911949684,1094.5002820223212,both
mlb-e00f3540658c,2024-04-26,mets,NYM vs STL,Sports-MLB,2024-04-26 16:00:00,2024-04-27 01:00:00,True,3,2024-04-26 21:00:00,4125.0,673.0,6.129271916790491,3.9048681692231226,both
concert-534c1db34def,2024-04-26,msg_penn,Billy Joel @ Madison Square Garden,Concert,2024-04-26 17:00:00,2024-04-27 02:00:00,True,2,2024-04-27 02:00:00,172.0,158.5,1.085173501577287,3.1924366408067573,z
mlb-80bfb27a6341,2024-04-27,mets,NYM vs STL,Sports-MLB,2024-04-27 10:00:00,2024-04-27 19:00:00,True,3,2024-04-27 19:00:00,4545.0,929.5,4.889725658956428,31.47028429602863,both
mlb-ad599452256f,2024-04-28,mets,NYM vs STL,Sports-MLB,2024-04-28 10:00:00,2024-04-28 19:00:00,True,3,2024-04-28 16:00:00,3670.0,434.5,8.446490218642117,1.60344496642881,ratio
mlb-913a358a2a20,2024-04-29,mets,NYM vs CHC,Sports-MLB,2024-04-29 16:00:00,2024-04-30 01:00:00,True,4,2024-04-29 21:00:00,5932.0,61.0,97.24590163934427,5.2409753888994794,both
mlb-f8c45e50db4f,2024-04-30,mets,NYM vs CHC,Sports-MLB,2024-04-30 16:00:00,2024-05-01 01:00:00,True,4,2024-04-30 21:00:00,5822.0,100.0,58.22,2.6476510087537743,ratio
nba-dc5ea7b89997,2024-04-30,msg_penn,Knicks vs 76ers (ECR1 G5),Sports-NBA,2024-04-30 16:30:00,2024-05-01 01:00:00,True,3,2024-04-30 22:00:00,3686.0,1340.0,2.7507462686567163,3.3593318908825585,both
mlb-5e90e1df7e5e,2024-05-01,mets,NYM vs CHC,Sports-MLB,2024-05-01 16:00:00,2024-05-02 01:00:00,True,4,2024-05-01 21:00:00,3614.0,108.5,33.30875576036866,306.7354201435827,both
concert-c2b8c932cca4,2024-05-01,barclays,Monica @ Barclays Center,Concert,2024-05-01 17:00:00,2024-05-02 02:00:00,True,3,2024-05-02 01:00:00,1739.0,80.5,21.60248447204969,58.728749707586644,both
mlb-550f4d3b46f9,2024-05-02,mets,NYM vs CHC,Sports-MLB,2024-05-02 10:00:00,2024-05-02 19:00:00,True,4,2024-05-02 16:00:00,3279.0,208.5,15.726618705035971,27.44233611775102,both
mlb-e64a0434ba07,2024-05-03,yankee,NYY vs DET,Sports-MLB,2024-05-03 16:00:00,2024-05-04 01:00:00,True,4,2024-05-03 21:00:00,6505.0,501.0,12.984031936127744,1.4666988938414922,ratio
mlb-fa5047d5cfc3,2024-05-04,yankee,NYY vs DET,Sports-MLB,2024-05-04 10:00:00,2024-05-04 19:00:00,True,6,2024-05-04 15:00:00,7856.0,726.5,10.813489332415692,1.2038405397695047,ratio
mlb-e02ef4106545,2024-05-05,yankee,NYY vs DET,Sports-MLB,2024-05-05 10:00:00,2024-05-05 19:00:00,True,4,2024-05-05 16:00:00,4916.0,525.0,9.363809523809524,0.20846745345658024,ratio
nhl-a6d2ea13e07f,2024-05-05,msg_penn,Rangers vs Hurricanes (R2 G1),Sports-NHL,2024-05-05 12:00:00,2024-05-05 20:30:00,True,2,2024-05-05 19:00:00,2875.0,2168.5,1.3258012451002998,14.712723382196263,z
nba-64e99fd5e2c7,2024-05-06,msg_penn,Knicks vs Pacers (ECSF G1),Sports-NBA,2024-05-06 16:30:00,2024-05-07 01:00:00,True,2,2024-05-06 22:00:00,2924.0,1073.0,2.7250698974836904,0.9692784031780324,ratio
nhl-031a7ad3fbfd,2024-05-07,msg_penn,Rangers vs Hurricanes (R2 G2),Sports-NHL,2024-05-07 16:00:00,2024-05-08 00:30:00,True,6,2024-05-07 23:00:00,2187.0,715.0,3.0587412587412586,10.168143209377286,both
mlb-4397be90ff1a,2024-05-07,yankee,NYY vs HOU,Sports-MLB,2024-05-07 16:00:00,2024-05-08 01:00:00,True,4,2024-05-07 21:00:00,8096.0,321.0,25.221183800623052,1.0352851571035462,ratio
mlb-8c4eec5f0dfa,2024-05-08,yankee,NYY vs HOU,Sports-MLB,2024-05-08 16:00:00,2024-05-09 01:00:00,True,4,2024-05-08 21:00:00,8977.0,313.0,28.680511182108628,1.4877261251559515,ratio
nba-321f575486e0,2024-05-08,msg_penn,Knicks vs Pacers (ECSF G2),Sports-NBA,2024-05-08 16:30:00,2024-05-09 01:00:00,True,3,2024-05-08 22:00:00,2779.0,1340.5,2.073107049608355,22.135317854130452,both
mlb-fe26066913e6,2024-05-09,yankee,NYY vs HOU,Sports-MLB,2024-05-09 16:00:00,2024-05-10 01:00:00,True,5,2024-05-09 20:00:00,7962.0,395.0,20.156962025316457,6.609359042198639,both
concert-e81c5ed2d050,2024-05-09,msg_penn,Billy Joel @ Madison Square Garden,Concert,2024-05-09 17:00:00,2024-05-10 02:00:00,True,3,2024-05-09 23:00:00,1505.0,1049.5,1.434016198189614,24.193631140807284,z
mlb-cf4762e5c297,2024-05-10,mets,NYM vs ATL,Sports-MLB,2024-05-10 16:00:00,2024-05-11 01:00:00,True,3,2024-05-10 22:00:00,3035.0,340.0,8.926470588235293,9.016600139733802,both
mlb-39620066d6b1,2024-05-11,mets,NYM vs ATL,Sports-MLB,2024-05-11 10:00:00,2024-05-11 19:00:00,True,4,2024-05-11 19:00:00,5868.0,929.5,6.313071543840775,2.1118594318176744,ratio
concert-3ac95b9e3957,2024-05-11,barclays,Wanmor @ Barclays Center,Concert,2024-05-11 17:00:00,2024-05-12 02:00:00,True,5,2024-05-12 01:00:00,856.0,185.5,4.61455525606469,0.2043997324929644,ratio
mlb-e50463e7572c,2024-05-12,mets,NYM vs ATL,Sports-MLB,2024-05-12 16:00:00,2024-05-13 01:00:00,True,4,2024-05-12 22:00:00,2828.0,54.0,52.370370370370374,164.10137475732418,both
concert-8bc56d13468e,2024-05-12,barclays,The Clark Sisters @ Barclays Center,Concert,2024-05-12 17:00:00,2024-05-13 02:00:00,False,0,,,,,,
mlb-7c039cc7356d,2024-05-13,mets,NYM vs PHI,Sports-MLB,2024-05-13 16:00:00,2024-05-14 01:00:00,True,7,2024-05-13 22:00:00,5243.0,52.0,100.82692307692308,3.1284056446645523,both
nhl-d74301235589,2024-05-13,msg_penn,Rangers vs Hurricanes (R2 G5),Sports-NHL,2024-05-13 16:00:00,2024-05-14 00:30:00,True,7,2024-05-13 21:00:00,2877.0,1485.0,1.9373737373737374,18.94953763739759,both
mlb-e5188f6b4b32,2024-05-14,mets,NYM vs PHI,Sports-MLB,2024-05-14 10:00:00,2024-05-14 19:00:00,True,7,2024-05-14 16:00:00,3181.0,213.0,14.934272300469484,113.849443194408,both
nba-6ac420bccee2,2024-05-14,msg_penn,Knicks vs Pacers (ECSF G5),Sports-NBA,2024-05-14 16:30:00,2024-05-15 01:00:00,True,7,2024-05-14 22:00:00,2766.0,1340.0,2.064179104477612,0.6296196121884492,ratio
concert-d5be9bfda25b,2024-05-15,barclays,Billie Eilish @ Barclays Center,Concert,2024-05-15 17:00:00,2024-05-16 02:00:00,True,2,2024-05-15 22:00:00,4142.0,744.5,5.5634654130288785,43.94442572196172,both
mlb-be7deccc534f,2024-05-17,yankee,NYY vs CHW,Sports-MLB,2024-05-17 16:00:00,2024-05-18 01:00:00,True,5,2024-05-17 21:00:00,10645.0,501.0,21.24750499001996,1.9950306362949182,ratio
mlb-9fe9bcd37e34,2024-05-18,yankee,NYY vs CHW,Sports-MLB,2024-05-18 10:00:00,2024-05-18 19:00:00,True,4,2024-05-18 15:00:00,9110.0,726.5,12.539573296627667,0.9989133093413265,ratio
mlb-e5121fb2266b,2024-05-19,yankee,NYY vs CHW,Sports-MLB,2024-05-19 10:00:00,2024-05-19 19:00:00,True,4,2024-05-19 16:00:00,9259.0,525.0,17.636190476190475,1.2430323730944133,ratio
nba-1f5c16dcdad5,2024-05-19,msg_penn,Knicks vs Pacers (ECSF G7),Sports-NBA,2024-05-19 12:30:00,2024-05-19 21:00:00,True,5,2024-05-19 18:00:00,4546.0,2382.5,1.9080797481636935,2.6764256281144205,ratio
mlb-7d6c5daf54d5,2024-05-20,yankee,NYY vs SEA,Sports-MLB,2024-05-20 16:00:00,2024-05-21 01:00:00,True,6,2024-05-20 21:00:00,8593.0,261.0,32.923371647509576,378.4765427040378,both
mlb-2f54bac0d333,2024-05-21,yankee,NYY vs SEA,Sports-MLB,2024-05-21 16:00:00,2024-05-22 01:00:00,True,6,2024-05-21 22:00:00,7338.0,255.0,28.776470588235295,2.6747639822906675,ratio
concert-68a3e8bfd92f,2024-05-21,msg_penn,Megan Thee Stallion @ Madison Square Garden,Concert,2024-05-21 17:00:00,2024-05-22 02:00:00,True,3,2024-05-21 22:00:00,2688.0,1476.0,1.8211382113821137,0.3246192245714063,ratio
mlb-b9e1fdc71272,2024-05-22,yankee,NYY vs SEA,Sports-MLB,2024-05-22 16:00:00,2024-05-23 01:00:00,True,5,2024-05-22 22:00:00,6167.0,252.5,24.423762376237622,3.1438335468039487,both
concert-5b792f5e8833,2024-05-22,barclays,Ed Sheeran @ Barclays Center,Concert,2024-05-22 17:00:00,2024-05-23 02:00:00,True,5,2024-05-22 23:00:00,3173.0,444.0,7.146396396396397,13.864490423845078,both
nhl-da04df698460,2024-05-22,msg_penn,Rangers vs Panthers (ECF G1),Sports-NHL,2024-05-22 17:00:00,2024-05-23 01:30:00,True,3,2024-05-22 23:00:00,1628.0,946.0,1.7209302325581395,2.5087893707514497,ratio
concert-61eb92fc25f7,2024-05-22,msg_penn,Aventura @ Madison Square Garden,Concert,2024-05-22 17:00:00,2024-05-23 02:00:00,True,3,2024-05-22 23:00:00,1628.0,946.0,1.7209302325581395,2.5087893707514497,ratio
mlb-a94556314987,2024-05-23,yankee,NYY vs SEA,Sports-MLB,2024-05-23 10:00:00,2024-05-23 19:00:00,True,5,2024-05-23 15:00:00,7648.0,1038.5,7.364467982667309,107.12642301182603,both
concert-ff8d24c38b58,2024-05-23,msg_penn,Aventura @ Madison Square Garden,Concert,2024-05-23 17:00:00,2024-05-24 02:00:00,True,6,2024-05-24 00:00:00,1270.0,583.5,2.176520994001714,20.50041551834729,both
mlb-869789d137ad,2024-05-24,mets,NYM vs SFG,Sports-MLB,2024-05-24 16:00:00,2024-05-25 01:00:00,True,6,2024-05-24 22:00:00,4035.0,340.0,11.867647058823529,2.1714903019214877,ratio
nhl-812dfcd28bf1,2024-05-24,msg_penn,Rangers vs Panthers (ECF G2),Sports-NHL,2024-05-24 17:00:00,2024-05-25 01:30:00,True,1,2024-05-24 23:00:00,2180.0,1270.0,1.7165354330708662,2.3553934005326376,ratio
mlb-6515676507f1,2024-05-25,mets,NYM vs SFG,Sports-MLB,2024-05-25 10:00:00,2024-05-25 19:00:00,True,2,2024-05-25 16:00:00,4710.0,275.0,17.12727272727273,20.10344040267386,both
mlb-a2abc57ad465,2024-05-26,mets,NYM vs SFG,Sports-MLB,2024-05-26 10:00:00,2024-05-26 19:00:00,True,3,2024-05-26 16:00:00,4774.0,434.5,10.987341772151899,2.1363096179572834,ratio
mlb-30332f9d5c5f,2024-05-28,mets,NYM vs LAD (G1),Sports-MLB,2024-05-28 16:00:00,2024-05-29 01:00:00,True,6,2024-05-28 22:00:00,3447.0,56.0,61.55357142857143,5.754129255514573,both
mlb-e97e32d8220a,2024-05-28,mets,NYM vs LAD (G2),Sports-MLB,2024-05-28 16:00:00,2024-05-29 01:00:00,True,6,2024-05-28 22:00:00,3447.0,56.0,61.55357142857143,5.754129255514573,both
concert-65995001bb9d,2024-05-28,msg_penn,Sylvan Esso @ Madison Square Garden,Concert,2024-05-28 17:00:00,2024-05-29 02:00:00,True,2,2024-05-28 23:00:00,1242.0,775.0,1.6025806451612903,-0.11744702666172925,ratio
mlb-d61c04bd1335,2024-05-29,mets,NYM vs LAD,Sports-MLB,2024-05-29 10:00:00,2024-05-29 19:00:00,True,7,2024-05-29 19:00:00,5972.0,166.5,35.867867867867865,125.55817019644418,both
concert-33c578c86eb5,2024-05-29,msg_penn,Tyler Childers @ Madison Square Garden,Concert,2024-05-29 17:00:00,2024-05-30 02:00:00,True,3,2024-05-29 23:00:00,1689.0,865.0,1.9526011560693641,2.0967276149246423,ratio
mlb-f911054e2562,2024-05-30,mets,NYM vs ARI,Sports-MLB,2024-05-30 16:00:00,2024-05-31 01:00:00,True,6,2024-05-30 22:00:00,2803.0,43.5,64.4367816091954,571.9953421388769,both
concert-f5d7ab5ef2a2,2024-05-30,barclays,Aventura @ Barclays Center,Concert,2024-05-30 17:00:00,2024-05-31 02:00:00,True,3,2024-05-30 23:00:00,3191.0,466.0,6.847639484978541,43.424120197452595,both
nhl-2b1647cffae6,2024-05-30,msg_penn,Rangers vs Panthers (ECF G5),Sports-NHL,2024-05-30 17:00:00,2024-05-31 01:30:00,True,1,2024-05-30 23:00:00,1836.0,1049.5,1.749404478323011,0.9468522099882095,ratio
mlb-bab4fe8adcb1,2024-05-31,mets,NYM vs ARI,Sports-MLB,2024-05-31 16:00:00,2024-06-01 01:00:00,True,6,2024-05-31 22:00:00,5189.0,340.0,15.261764705882353,1.6554109742814782,ratio
mlb-623593865efd,2024-06-01,mets,NYM vs ARI,Sports-MLB,2024-06-01 10:00:00,2024-06-01 19:00:00,True,3,2024-06-01 19:00:00,4201.0,929.5,4.519634211941904,0.9029508802345776,ratio
concert-52e7b05101ed,2024-06-01,barclays,Luis Miguel @ Barclays Center,Concert,2024-06-01 17:00:00,2024-06-02 02:00:00,True,2,2024-06-01 22:00:00,3794.0,898.0,4.224944320712694,73.71605037884522,both
concert-95756e5f329e,2024-06-01,msg_penn,TOMORROW X TOGETHER @ Madison Square Garden,Concert,2024-06-01 17:00:00,2024-06-02 02:00:00,True,4,2024-06-02 02:00:00,233.0,136.5,1.706959706959707,5.026530936177231,both
mlb-930ddbc6a6af,2024-06-02,mets,NYM vs ARI,Sports-MLB,2024-06-02 10:00:00,2024-06-02 19:00:00,True,7,2024-06-02 16:00:00,5363.0,434.5,12.342922899884925,1.7573587203989514,ratio
concert-40352b510f4e,2024-06-02,msg_penn,TOMORROW X TOGETHER @ Madison Square Garden,Concert,2024-06-02 17:00:00,2024-06-03 02:00:00,True,2,2024-06-02 22:00:00,1922.0,1235.5,1.555645487656819,6.384600158915971,both
mlb-6c6b2310859f,2024-06-04,yankee,NYY vs MIN,Sports-MLB,2024-06-04 16:00:00,2024-06-05 01:00:00,True,8,2024-06-04 21:00:00,10973.0,321.0,34.18380062305296,2.052341231744802,ratio
mlb-4045fa76462d,2024-06-05,yankee,NYY vs MIN,Sports-MLB,2024-06-05 16:00:00,2024-06-06 01:00:00,True,9,2024-06-05 21:00:00,9186.0,313.0,29.3482428115016,1.120128671916194,ratio
concert-0ec0fc87aa33,2024-06-05,msg_penn,SOFIA ISELLA @ Madison Square Garden,Concert,2024-06-05 17:00:00,2024-06-06 02:00:00,True,1,2024-06-06 00:00:00,675.0,498.0,1.355421686746988,3.7645923252537785,z
mlb-806e2ef9cbe6,2024-06-06,yankee,NYY vs MIN,Sports-MLB,2024-06-06 16:00:00,2024-06-07 01:00:00,True,6,2024-06-06 23:00:00,4480.0,139.5,32.11469534050179,242.5414628997298,both
concert-79892812f940,2024-06-06,msg_penn,Melanie Martinez @ Madison Square Garden,Concert,2024-06-06 17:00:00,2024-06-07 02:00:00,False,0,,,,,,
mlb-9f6d854096e1,2024-06-07,yankee,NYY vs LAD,Sports-MLB,2024-06-07 16:00:00,2024-06-08 01:00:00,True,7,2024-06-07 22:00:00,12978.0,808.5,16.051948051948052,6.5624033316685315,both
mlb-229fa480939f,2024-06-08,mets,NYM vs PHI,Sports-MLB,2024-06-08 16:00:00,2024-06-09 01:00:00,True,4,2024-06-08 22:00:00,10046.0,164.0,61.25609756097561,118.0574580156376,both
mlb-e9969293d5d2,2024-06-08,yankee,NYY vs LAD,Sports-MLB,2024-06-08 16:00:00,2024-06-09 01:00:00,True,6,2024-06-08 23:00:00,8504.0,159.5,53.3166144200627,381.30815395933183,both
concert-d6aba1f7d2ee,2024-06-08,msg_penn,Billy Joel @ Madison Square Garden,Concert,2024-06-08 17:00:00,2024-06-09 02:00:00,True,3,2024-06-09 01:00:00,487.0,266.0,1.830827067669173,2.0232451012517423,ratio
mlb-0ba2013209ed,2024-06-09,yankee,NYY vs LAD,Sports-MLB,2024-06-09 16:00:00,2024-06-10 01:00:00,True,6,2024-06-09 22:00:00,12942.0,208.5,62.07194244604317,957.2222766119193,both
mlb-a34377c0d868,2024-06-11,mets,NYM vs MIA,Sports-MLB,2024-06-11 16:00:00,2024-06-12 01:00:00,True,4,2024-06-11 22:00:00,3250.0,56.0,58.035714285714285,1.3832775680262102,ratio
mlb-ffddeb5f94af,2024-06-12,mets,NYM vs MIA,Sports-MLB,2024-06-12 16:00:00,2024-06-13 01:00:00,True,4,2024-06-12 21:00:00,1663.0,108.5,15.327188940092165,46.020931018668776,both
mlb-96b41d515743,2024-06-13,mets,NYM vs MIA,Sports-MLB,2024-06-13 16:00:00,2024-06-14 01:00:00,True,5,2024-06-13 21:00:00,4790.0,94.5,50.68783068783069,5.050153058939677,both
concert-d3ef892b2280,2024-06-13,msg_penn,Niall Horan @ Madison Square Garden,Concert,2024-06-13 17:00:00,2024-06-14 02:00:00,False,0,,,,,,
mlb-58e17080de68,2024-06-14,mets,NYM vs SDP,Sports-MLB,2024-06-14 16:00:00,2024-06-15 01:00:00,True,3,2024-06-14 23:00:00,1565.0,93.5,16.737967914438503,7.730290819985901,both
concert-a6bca8637652,2024-06-14,msg_penn,Niall Horan @ Madison Square Garden,Concert,2024-06-14 17:00:00,2024-06-15 02:00:00,True,1,2024-06-14 22:00:00,1978.0,1857.5,1.064872139973082,3.230339547130255,z
mlb-37235ccef58c,2024-06-15,mets,NYM vs SDP,Sports-MLB,2024-06-15 10:00:00,2024-06-15 19:00:00,True,4,2024-06-15 10:00:00,2437.0,94.0,25.925531914893618,74.46207393498082,both
mlb-419547b0fa5f,2024-06-16,mets,NYM vs SDP,Sports-MLB,2024-06-16 10:00:00,2024-06-16 19:00:00,True,2,2024-06-16 17:00:00,2689.0,400.0,6.7225,9.523887333326961,both
concert-9a6d6799d38d,2024-06-16,barclays,Chris Brown @ Barclays Center,Concert,2024-06-16 17:00:00,2024-06-17 02:00:00,True,2,2024-06-16 23:00:00,2321.0,360.0,6.447222222222222,71.00177030865218,both
concert-20f3f62f8d8f,2024-06-16,msg_penn,Feid @ Madison Square Garden,Concert,2024-06-16 17:00:00,2024-06-17 02:00:00,True,6,2024-06-17 00:00:00,1171.0,398.0,2.942211055276382,2.088651678866038,ratio
concert-9724216811fa,2024-06-17,barclays,Chris Brown @ Barclays Center,Concert,2024-06-17 17:00:00,2024-06-18 02:00:00,True,2,2024-06-17 23:00:00,2030.0,426.0,4.765258215962441,22.160851611569434,both
mlb-38b10f1409b7,2024-06-18,yankee,NYY vs BAL,Sports-MLB,2024-06-18 16:00:00,2024-06-19 01:00:00,True,6,2024-06-18 22:00:00,10376.0,255.0,40.69019607843137,2.3646824630384184,ratio
concert-361949d0fd91,2024-06-18,msg_penn,Siddhartha @ Madison Square Garden,Concert,2024-06-18 17:00:00,2024-06-19 02:00:00,True,8,2024-06-18 23:00:00,1593.0,715.0,2.227972027972028,2.4921923185493617,ratio
mlb-c04175e9588b,2024-06-19,yankee,NYY vs BAL,Sports-MLB,2024-06-19 16:00:00,2024-06-20 01:00:00,True,6,2024-06-19 23:00:00,5159.0,143.5,35.951219512195124,23.246022920420153,both
mlb-d9f5dfe8aa56,2024-06-20,yankee,NYY vs BAL,Sports-MLB,2024-06-20 10:00:00,2024-06-20 19:00:00,True,3,2024-06-20 19:00:00,7345.0,519.5,14.138594802694898,99.86353023234605,both
concert-ef9754543d77,2024-06-20,msg_penn,ODESZA @ Madison Square Garden,Concert,2024-06-20 17:00:00,2024-06-21 02:00:00,True,3,2024-06-21 00:00:00,1173.0,583.5,2.0102827763496145,1.211229568382097,ratio
mlb-ddf0495902ef,2024-06-21,yankee,NYY vs ATL,Sports-MLB,2024-06-21 16:00:00,2024-06-22 01:00:00,True,5,2024-06-21 21:00:00,7076.0,501.0,14.12375249500998,3.3053756074881937,both
concert-0c7fc972e72f,2024-06-21,msg_penn,Bob Moses @ Madison Square Garden,Concert,2024-06-21 17:00:00,2024-06-22 02:00:00,True,4,2024-06-22 00:00:00,1664.0,752.5,2.211295681063123,12.304166418207902,both
mlb-98c42943eef4,2024-06-22,yankee,NYY vs ATL,Sports-MLB,2024-06-22 16:00:00,2024-06-23 01:00:00,True,5,2024-06-22 22:00:00,7977.0,270.0,29.544444444444444,1.2168526207129458,ratio
concert-8acd17e1ec1f,2024-06-22,msg_penn,ODESZA @ Madison Square Garden,Concert,2024-06-22 17:00:00,2024-06-23 02:00:00,True,3,2024-06-23 00:00:00,1424.0,664.5,2.142964635063958,3.695843580488414,both
mlb-a09659fd35cd,2024-06-23,yankee,NYY vs ATL,Sports-MLB,2024-06-23 10:00:00,2024-06-23 19:00:00,True,5,2024-06-23 16:00:00,8646.0,525.0,16.46857142857143,288.89561661452854,both
concert-145a15a30823,2024-06-24,msg_penn,A Boogie Wit da Hoodie @ Madison Square Garden,Concert,2024-06-24 17:00:00,2024-06-25 02:00:00,True,7,2024-06-25 00:00:00,950.0,393.0,2.4173027989821882,9.104069773152721,both
mlb-9fc0abd8ba3c,2024-06-25,mets,NYM vs NYY,Sports-MLB,2024-06-25 16:00:00,2024-06-26 01:00:00,True,6,2024-06-25 22:00:00,6871.0,56.0,122.69642857142857,2.7115857249175614,ratio
concert-8c78dc7d14ce,2024-06-25,msg_penn,Justin Timberlake @ Madison Square Garden,Concert,2024-06-25 17:00:00,2024-06-26 02:00:00,True,7,2024-06-26 00:00:00,2194.0,439.0,4.997722095671982,13.27186914776308,both
mlb-38854988565f,2024-06-26,mets,NYM vs NYY,Sports-MLB,2024-06-26 16:00:00,2024-06-27 01:00:00,True,6,2024-06-26 23:00:00,2673.0,53.0,50.43396226415094,75.3820050211454,both
concert-dad66c9fc8f9,2024-06-26,msg_penn,Justin Timberlake @ Madison Square Garden,Concert,2024-06-26 17:00:00,2024-06-27 02:00:00,True,6,2024-06-26 23:00:00,1953.0,946.0,2.0644820295983086,2.0856010973763306,ratio
mlb-afc038abf874,2024-06-28,mets,NYM vs HOU,Sports-MLB,2024-06-28 16:00:00,2024-06-29 01:00:00,True,5,2024-06-28 22:00:00,5989.0,340.0,17.61470588235294,0.5061890971079308,ratio
concert-352965ee00b6,2024-06-28,barclays,Russ @ Barclays Center,Concert,2024-06-28 17:00:00,2024-06-29 02:00:00,True,4,2024-06-28 22:00:00,1860.0,848.5,2.1921037124337066,1.9800929308379225,ratio
mlb-93623be3ebfc,2024-06-29,mets,NYM vs HOU,Sports-MLB,2024-06-29 10:00:00,2024-06-29 19:00:00,True,2,2024-06-29 19:00:00,6080.0,929.5,6.541151156535772,2.071210842039663,ratio
concert-bf82ae148000,2024-06-29,msg_penn,John Summit @ Madison Square Garden,Concert,2024-06-29 17:00:00,2024-06-30 02:00:00,True,4,2024-06-30 00:00:00,1368.0,664.5,2.0586907449209932,1.2129121150275148,ratio
parade-c2cc9d3acfc9,2024-06-30,times_sq,NYC Pride March,Parade,2024-06-30 09:00:00,2024-06-30 21:00:00,True,5,2024-06-30 11:00:00,5720.0,4581.5,1.2484993997599039,5.512243461655022,z
mlb-4362e6031cf3,2024-06-30,mets,NYM vs HOU,Sports-MLB,2024-06-30 10:00:00,2024-06-30 19:00:00,True,6,2024-06-30 16:00:00,3072.0,434.5,7.070195627157652,0.40550280081796225,ratio
concert-9fd1dd9433c9,2024-06-30,msg_penn,Aventura @ Madison Square Garden,Concert,2024-06-30 17:00:00,2024-07-01 02:00:00,True,5,2024-07-01 00:00:00,1009.0,398.0,2.5351758793969847,1.0575092857421442,ratio
concert-80c5cb2d735f,2024-07-01,barclays,Coi Leray @ Barclays Center,Concert,2024-07-01 17:00:00,2024-07-02 02:00:00,True,2,2024-07-01 23:00:00,1559.0,426.0,3.65962441314554,0.9271971026221943,ratio
mlb-b4e93c45852e,2024-07-02,yankee,NYY vs CIN,Sports-MLB,2024-07-02 16:00:00,2024-07-03 01:00:00,True,5,2024-07-02 22:00:00,8545.0,255.0,33.509803921568626,1.1081021118040686,ratio
mlb-8bab560ea999,2024-07-03,yankee,NYY vs CIN,Sports-MLB,2024-07-03 16:00:00,2024-07-04 01:00:00,True,6,2024-07-03 22:00:00,11552.0,252.5,45.75049504950495,2.3876771618717503,ratio
mlb-abb07a65d896,2024-07-04,yankee,NYY vs CIN,Sports-MLB,2024-07-04 10:00:00,2024-07-04 19:00:00,True,3,2024-07-04 16:00:00,10638.0,1236.5,8.603315810756166,84.90194111323,both
civic-fded6b2a98ed,2024-07-04,times_sq,Macy's 4th of July Fireworks,Civic,2024-07-04 18:00:00,2024-07-05 02:00:00,True,3,2024-07-04 23:00:00,6607.0,3792.0,1.7423523206751055,10.307145300331229,both
mlb-7c906c86459e,2024-07-05,yankee,NYY vs BOS,Sports-MLB,2024-07-05 16:00:00,2024-07-06 01:00:00,True,5,2024-07-05 22:00:00,11149.0,808.5,13.789734075448361,0.8969000703581248,ratio
mlb-4b8705a4b95a,2024-07-06,yankee,NYY vs BOS,Sports-MLB,2024-07-06 10:00:00,2024-07-06 19:00:00,True,5,2024-07-06 16:00:00,9107.0,678.0,13.432153392330383,174.02849748025142,both
mlb-e46b493fd10b,2024-07-07,yankee,NYY vs BOS,Sports-MLB,2024-07-07 16:00:00,2024-07-08 01:00:00,True,6,2024-07-07 21:00:00,11795.0,253.5,46.52859960552268,3.2791580309546373,both
mlb-af38c0b0f7fe,2024-07-09,mets,NYM vs WSN,Sports-MLB,2024-07-09 16:00:00,2024-07-10 01:00:00,True,5,2024-07-09 22:00:00,2144.0,56.0,38.285714285714285,-0.12659140079706255,ratio
mlb-594397e23265,2024-07-10,mets,NYM vs WSN,Sports-MLB,2024-07-10 16:00:00,2024-07-11 01:00:00,True,4,2024-07-10 21:00:00,5405.0,108.5,49.815668202764975,2.9790151981732045,ratio
concert-da0d2480e663,2024-07-10,barclays,Nelly @ Barclays Center,Concert,2024-07-10 17:00:00,2024-07-11 02:00:00,True,3,2024-07-10 23:00:00,3024.0,444.0,6.8108108108108105,6.496985680033633,both
mlb-907397c8f1be,2024-07-11,mets,NYM vs WSN,Sports-MLB,2024-07-11 10:00:00,2024-07-11 19:00:00,True,5,2024-07-11 16:00:00,3274.0,208.5,15.70263788968825,36.63872543904332,both
concert-8e50ba5e37e1,2024-07-11,msg_penn,Joe Hisaishi @ Madison Square Garden,Concert,2024-07-11 17:00:00,2024-07-12 02:00:00,True,1,2024-07-11 22:00:00,2839.0,1561.5,1.8181235991034261,0.4062986716717285,ratio
mlb-570e58a8ed47,2024-07-12,mets,NYM vs COL,Sports-MLB,2024-07-12 16:00:00,2024-07-13 01:00:00,True,5,2024-07-12 22:00:00,4992.0,340.0,14.68235294117647,1.0103902189067524,ratio
concert-98a25970fd50,2024-07-12,msg_penn,Joe Hisaishi @ Madison Square Garden,Concert,2024-07-12 17:00:00,2024-07-13 02:00:00,True,1,2024-07-12 22:00:00,2728.0,1740.5,1.5673656995116345,2.27599316986714,ratio
mlb-19e38fdfa875,2024-07-13,mets,NYM vs COL,Sports-MLB,2024-07-13 10:00:00,2024-07-13 19:00:00,True,2,2024-07-13 19:00:00,5341.0,929.5,5.746100053792362,1.0209369839274223,ratio
concert-471a8778cb10,2024-07-13,msg_penn,Joe Hisaishi @ Madison Square Garden,Concert,2024-07-13 17:00:00,2024-07-14 02:00:00,True,1,2024-07-13 22:00:00,2657.0,1583.0,1.678458622867972,8.151059534727553,both
mlb-060af2c364e8,2024-07-14,mets,NYM vs COL,Sports-MLB,2024-07-14 10:00:00,2024-07-14 19:00:00,True,5,2024-07-14 16:00:00,2781.0,434.5,6.400460299194476,0.9062675229245677,ratio
concert-d86e5a2760e6,2024-07-15,msg_penn,Noah Kahan @ Madison Square Garden,Concert,2024-07-15 17:00:00,2024-07-16 02:00:00,True,3,2024-07-15 23:00:00,1891.0,702.0,2.6937321937321936,9.860699787339923,both
concert-978dc0e58a13,2024-07-16,msg_penn,James Bay @ Madison Square Garden,Concert,2024-07-16 17:00:00,2024-07-17 02:00:00,True,4,2024-07-16 23:00:00,2044.0,775.0,2.6374193548387095,1.3190645341397675,ratio
mlb-b73b376f6aee,2024-07-19,yankee,NYY vs TBR,Sports-MLB,2024-07-19 16:00:00,2024-07-20 01:00:00,True,5,2024-07-19 21:00:00,9245.0,501.0,18.45309381237525,2.0381374032819126,ratio
mlb-cf6efd99c346,2024-07-20,yankee,NYY vs TBR,Sports-MLB,2024-07-20 10:00:00,2024-07-20 19:00:00,True,4,2024-07-20 15:00:00,7756.0,726.5,10.67584308327598,3.4352477180220085,both
mlb-da043195f539,2024-07-21,yankee,NYY vs TBR,Sports-MLB,2024-07-21 10:00:00,2024-07-21 19:00:00,True,4,2024-07-21 16:00:00,7944.0,525.0,15.131428571428572,1.329182144522326,ratio
mlb-849fe4eb4e01,2024-07-22,yankee,NYY vs TBR,Sports-MLB,2024-07-22 10:00:00,2024-07-22 19:00:00,True,4,2024-07-22 16:00:00,6980.0,1186.0,5.885328836424958,130.43396254324335,both
mlb-e00117356dd7,2024-07-23,yankee,NYY vs NYM,Sports-MLB,2024-07-23 16:00:00,2024-07-24 01:00:00,True,6,2024-07-23 22:00:00,11101.0,255.0,43.53333333333333,2.1146835924125944,ratio
mlb-9771427405d1,2024-07-24,yankee,NYY vs NYM,Sports-MLB,2024-07-24 16:00:00,2024-07-25 01:00:00,True,6,2024-07-24 22:00:00,8815.0,252.5,34.91089108910891,1.016245310816466,ratio
concert-96af84c06a81,2024-07-24,msg_penn,702 @ Madison Square Garden,Concert,2024-07-24 17:00:00,2024-07-25 02:00:00,True,1,2024-07-24 23:00:00,1895.0,946.0,2.003171247357294,1.401766093889372,ratio
mlb-4f1b1c790ae7,2024-07-25,mets,NYM vs ATL,Sports-MLB,2024-07-25 16:00:00,2024-07-26 01:00:00,True,5,2024-07-25 22:00:00,3884.0,43.5,89.28735632183908,292.6197685519984,both
concert-2787358817eb,2024-07-25,msg_penn,Billy Joel @ Madison Square Garden,Concert,2024-07-25 17:00:00,2024-07-26 02:00:00,True,1,2024-07-25 23:00:00,1974.0,1049.5,1.8808956646021915,2.0979251051457544,ratio
mlb-11ddb48b09e8,2024-07-26,mets,NYM vs ATL,Sports-MLB,2024-07-26 16:00:00,2024-07-27 01:00:00,True,4,2024-07-26 22:00:00,6008.0,340.0,17.67058823529412,0.929953348341863,ratio
concert-c788e1c794f1,2024-07-26,msg_penn,AJR @ Madison Square Garden,Concert,2024-07-26 17:00:00,2024-07-27 02:00:00,True,1,2024-07-26 19:00:00,3886.0,3018.0,1.2876076872100728,3.4163411248943976,z
mlb-af0c67a71a7c,2024-07-27,mets,NYM vs ATL,Sports-MLB,2024-07-27 10:00:00,2024-07-27 19:00:00,True,1,2024-07-27 18:00:00,7124.0,681.5,10.453411592076302,8.464564848621317,both
concert-e02f9008f84f,2024-07-27,msg_penn,AJR @ Madison Square Garden,Concert,2024-07-27 17:00:00,2024-07-28 02:00:00,False,0,,,,,,
mlb-fbf65a651614,2024-07-28,mets,NYM vs ATL,Sports-MLB,2024-07-28 10:00:00,2024-07-28 19:00:00,True,3,2024-07-28 16:00:00,3958.0,434.5,9.109321058688147,1.5252683212564835,ratio
mlb-cec9f6440945,2024-07-29,mets,NYM vs MIN,Sports-MLB,2024-07-29 16:00:00,2024-07-30 01:00:00,True,7,2024-07-29 22:00:00,3644.0,52.0,70.07692307692308,177.19665572640162,both
mlb-8448bda6569c,2024-07-30,mets,NYM vs MIN,Sports-MLB,2024-07-30 16:00:00,2024-07-31 01:00:00,True,4,2024-07-30 21:00:00,6367.0,100.0,63.67,3.168288618173769,both
mlb-02666a0baad3,2024-07-31,mets,NYM vs MIN,Sports-MLB,2024-07-31 10:00:00,2024-07-31 19:00:00,True,7,2024-07-31 16:00:00,3124.0,228.0,13.701754385964913,75.69651509447166,both
mlb-0845da2b84e4,2024-08-02,yankee,NYY vs TOR,Sports-MLB,2024-08-02 16:00:00,2024-08-03 01:00:00,True,5,2024-08-02 23:00:00,10169.0,309.0,32.909385113268605,8.551899347818978,both
mlb-35afd44da472,2024-08-03,yankee,NYY vs TOR,Sports-MLB,2024-08-03 10:00:00,2024-08-03 19:00:00,True,4,2024-08-03 16:00:00,7496.0,678.0,11.056047197640117,0.8004215223067774,ratio
mlb-f154fa2a2592,2024-08-04,yankee,NYY vs TOR,Sports-MLB,2024-08-04 10:00:00,2024-08-04 19:00:00,True,5,2024-08-04 16:00:00,5754.0,525.0,10.96,0.9140851837265772,ratio
mlb-7e243859071d,2024-08-07,yankee,NYY vs LAA (G1),Sports-MLB,2024-08-07 16:00:00,2024-08-08 01:00:00,True,9,2024-08-07 22:00:00,5140.0,252.5,20.356435643564357,0.6430599180211041,ratio
mlb-df921c866d9f,2024-08-07,yankee,NYY vs LAA (G2),Sports-MLB,2024-08-07 16:00:00,2024-08-08 01:00:00,True,9,2024-08-07 22:00:00,5140.0,252.5,20.356435643564357,0.6430599180211041,ratio
concert-fb72cefa6b6f,2024-08-07,msg_penn,The Doobie Brothers @ Madison Square Garden,Concert,2024-08-07 17:00:00,2024-08-08 02:00:00,True,1,2024-08-07 22:00:00,1915.0,1340.5,1.4285714285714286,3.2038839496300198,z
mlb-19f17a1707b9,2024-08-08,yankee,NYY vs LAA,Sports-MLB,2024-08-08 16:00:00,2024-08-09 01:00:00,True,6,2024-08-08 21:00:00,5176.0,318.0,16.27672955974843,202.8414020404842,both
concert-6959b029bc8e,2024-08-09,msg_penn,Kill Tony @ Madison Square Garden,Concert,2024-08-09 17:00:00,2024-08-10 02:00:00,False,0,,,,,,
mlb-9025026257a1,2024-08-10,yankee,NYY vs TEX (G1),Sports-MLB,2024-08-10 10:00:00,2024-08-10 19:00:00,True,5,2024-08-10 16:00:00,6221.0,678.0,9.17551622418879,0.6928464315056344,ratio
mlb-5f6908700071,2024-08-10,yankee,NYY vs TEX (G2),Sports-MLB,2024-08-10 10:00:00,2024-08-10 19:00:00,True,5,2024-08-10 16:00:00,6221.0,678.0,9.17551622418879,0.6928464315056344,ratio
concert-4f38ea35941b,2024-08-10,msg_penn,The Kill Tony Band @ Madison Square Garden,Concert,2024-08-10 17:00:00,2024-08-11 02:00:00,False,0,,,,,,
mlb-97dcef27994a,2024-08-11,yankee,NYY vs TEX,Sports-MLB,2024-08-11 10:00:00,2024-08-11 19:00:00,True,6,2024-08-11 17:00:00,7530.0,491.5,15.320447609359105,3.463786516269078,both
concert-47107cf09920,2024-08-12,barclays,Timbaland @ Barclays Center,Concert,2024-08-12 17:00:00,2024-08-13 02:00:00,True,3,2024-08-12 23:00:00,3008.0,426.0,7.061032863849765,128.95922162043016,both
concert-312f5b75ab53,2024-08-12,msg_penn,Orbit Culture @ Madison Square Garden,Concert,2024-08-12 17:00:00,2024-08-13 02:00:00,True,2,2024-08-12 23:00:00,1265.0,702.0,1.8019943019943019,0.46263625131343933,ratio
mlb-55a3e415ca3c,2024-08-13,mets,NYM vs OAK,Sports-MLB,2024-08-13 16:00:00,2024-08-14 01:00:00,True,6,2024-08-13 22:00:00,3953.0,56.0,70.58928571428571,18.14716164998727,both
concert-d1ec38ba6eda,2024-08-13,msg_penn,Kevin Abstract @ Madison Square Garden,Concert,2024-08-13 17:00:00,2024-08-14 02:00:00,True,6,2024-08-14 01:00:00,250.0,139.5,1.7921146953405018,13.654208982385267,both
mlb-0ba62f730ea1,2024-08-14,mets,NYM vs OAK,Sports-MLB,2024-08-14 16:00:00,2024-08-15 01:00:00,True,6,2024-08-14 21:00:00,4569.0,108.5,42.11059907834101,2.674738901310514,ratio
mlb-3e4dfd376a2d,2024-08-15,mets,NYM vs OAK,Sports-MLB,2024-08-15 10:00:00,2024-08-15 19:00:00,True,8,2024-08-15 17:00:00,3266.0,244.5,13.357873210633947,49.780025400238664,both
concert-73425bc887cc,2024-08-15,barclays,Future & Metro Boomin @ Barclays Center,Concert,2024-08-15 17:00:00,2024-08-16 02:00:00,True,3,2024-08-15 23:00:00,2324.0,466.0,4.987124463519313,55.08335856038513,both
mlb-69c1a25cea1d,2024-08-16,mets,NYM vs MIA,Sports-MLB,2024-08-16 16:00:00,2024-08-17 01:00:00,True,7,2024-08-16 22:00:00,4879.0,340.0,14.35,0.8762729962439239,ratio
mlb-02ed3617f9b9,2024-08-17,mets,NYM vs MIA,Sports-MLB,2024-08-17 10:00:00,2024-08-17 19:00:00,True,3,2024-08-17 18:00:00,3732.0,681.5,5.476155539251651,0.5136058678138599,ratio
concert-8d6ec679dc5d,2024-08-17,barclays,KennyHoopla @ Barclays Center,Concert,2024-08-17 17:00:00,2024-08-18 02:00:00,True,2,2024-08-17 22:00:00,2728.0,898.0,3.0378619153674835,2.623025741783786,ratio
mlb-da908146f4d2,2024-08-18,mets,NYM vs MIA,Sports-MLB,2024-08-18 10:00:00,2024-08-18 19:00:00,True,4,2024-08-18 15:00:00,2616.0,374.0,6.994652406417113,6.148706480704767,both
mlb-24e4163bdff7,2024-08-19,mets,NYM vs BAL,Sports-MLB,2024-08-19 16:00:00,2024-08-20 01:00:00,True,10,2024-08-19 21:00:00,5076.0,61.0,83.21311475409836,3.8098331844176316,both
mlb-776bbcdf3c05,2024-08-20,mets,NYM vs BAL,Sports-MLB,2024-08-20 16:00:00,2024-08-21 01:00:00,True,9,2024-08-20 22:00:00,5072.0,56.0,90.57142857142857,2.0803483252664354,ratio
mlb-97d137e802c5,2024-08-20,yankee,NYY vs CLE,Sports-MLB,2024-08-20 16:00:00,2024-08-21 01:00:00,True,5,2024-08-20 23:00:00,5472.0,157.0,34.853503184713375,9.25698022435114,both
mlb-37c7c2f56d8f,2024-08-21,mets,NYM vs BAL,Sports-MLB,2024-08-21 10:00:00,2024-08-21 19:00:00,True,10,2024-08-21 15:00:00,3577.0,222.0,16.11261261261261,2.366860094790791,ratio
mlb-1f4302370958,2024-08-21,yankee,NYY vs CLE,Sports-MLB,2024-08-21 16:00:00,2024-08-22 01:00:00,True,4,2024-08-21 21:00:00,12886.0,313.0,41.16932907348243,2.758029791061264,ratio
mlb-571f070991a5,2024-08-22,yankee,NYY vs CLE,Sports-MLB,2024-08-22 10:00:00,2024-08-22 19:00:00,True,5,2024-08-22 16:00:00,8024.0,1236.5,6.489284270117267,153.58581721077383,both
concert-5645c84c9911,2024-08-22,msg_penn,Presley Regier @ Madison Square Garden,Concert,2024-08-22 17:00:00,2024-08-23 02:00:00,True,1,2024-08-22 22:00:00,1747.0,1561.5,1.1187960294588537,3.7583482485221227,z
mlb-11355d57713d,2024-08-23,yankee,NYY vs COL,Sports-MLB,2024-08-23 16:00:00,2024-08-24 01:00:00,True,5,2024-08-23 21:00:00,10496.0,501.0,20.9500998003992,13.856513068371626,both
concert-549090269cb0,2024-08-23,msg_penn,BENEE @ Madison Square Garden,Concert,2024-08-23 17:00:00,2024-08-24 02:00:00,True,1,2024-08-23 22:00:00,2366.0,1857.5,1.2737550471063257,3.2868800731529038,z
mlb-fc74363fc348,2024-08-24,yankee,NYY vs COL,Sports-MLB,2024-08-24 10:00:00,2024-08-24 19:00:00,True,4,2024-08-24 17:00:00,7046.0,616.0,11.438311688311689,6.067881969412553,both
concert-01f768b17f92,2024-08-24,msg_penn,Two Friends @ Madison Square Garden,Concert,2024-08-24 17:00:00,2024-08-25 02:00:00,True,5,2024-08-25 00:00:00,1170.0,664.5,1.7607223476297968,10.56444534458505,both
mlb-78627b5679cc,2024-08-25,yankee,NYY vs COL,Sports-MLB,2024-08-25 10:00:00,2024-08-25 19:00:00,True,3,2024-08-25 16:00:00,8735.0,525.0,16.63809523809524,1.9710391740451871,ratio
other-331306ea2c06,2024-08-26,mets,US Open Day 1 (Day Session),Other,2024-08-26 08:00:00,2024-08-26 21:00:00,True,12,2024-08-26 21:00:00,2407.0,61.0,39.459016393442624,0.17611542849681555,ratio
other-cc54a2ae5367,2024-08-26,mets,US Open Day 1 (Night Session),Other,2024-08-26 16:00:00,2024-08-27 02:30:00,True,11,2024-08-27 00:00:00,3976.0,16.0,248.5,146.62600552111542,both
concert-a67a19471c33,2024-08-26,barclays,WILLOW @ Barclays Center,Concert,2024-08-26 17:00:00,2024-08-27 02:00:00,True,3,2024-08-26 23:00:00,4538.0,426.0,10.652582159624414,2.631288980927142,ratio
other-d4580793e05c,2024-08-27,mets,US Open Day 2 (Day Session),Other,2024-08-27 08:00:00,2024-08-27 21:00:00,True,11,2024-08-27 21:00:00,2546.0,100.0,25.46,-0.40127823736890456,ratio
other-95d961d56843,2024-08-27,mets,US Open Day 2 (Night Session),Other,2024-08-27 16:00:00,2024-08-28 02:30:00,True,11,2024-08-27 23:00:00,5219.0,32.0,163.09375,52.68806544180568,both
concert-a2bd78cf6635,2024-08-27,barclays,Childish Gambino @ Barclays Center,Concert,2024-08-27 17:00:00,2024-08-28 02:00:00,True,3,2024-08-27 23:00:00,3731.0,409.0,9.122249388753056,42.201742702747275,both
other-97746c0cb875,2024-08-28,mets,US Open Day 3 (Day Session),Other,2024-08-28 08:00:00,2024-08-28 21:00:00,True,11,2024-08-28 21:00:00,2986.0,108.5,27.52073732718894,0.11407514244446114,ratio
other-0521b42bcc84,2024-08-28,mets,US Open Day 3 (Night Session),Other,2024-08-28 16:00:00,2024-08-29 02:30:00,True,11,2024-08-28 23:00:00,8990.0,53.0,169.62264150943398,9.811409576980973,both
other-4b157f9a1d97,2024-08-29,mets,US Open Day 4 (Day Session),Other,2024-08-29 08:00:00,2024-08-29 21:00:00,True,13,2024-08-29 21:00:00,2229.0,94.5,23.58730158730159,9.85027564361732,both
other-fe0bdeb12067,2024-08-29,mets,US Open Day 4 (Night Session),Other,2024-08-29 16:00:00,2024-08-30 02:30:00,True,11,2024-08-29 23:00:00,6029.0,34.5,174.7536231884058,230.7284125771475,both
concert-cedfd9a2d0a1,2024-08-29,barclays,Grupo Frontera @ Barclays Center,Concert,2024-08-29 17:00:00,2024-08-30 02:00:00,True,2,2024-08-29 23:00:00,1339.0,466.0,2.8733905579399144,0.4673600143558757,ratio
concert-e27576d1104d,2024-08-29,msg_penn,Coheed and Cambria @ Madison Square Garden,Concert,2024-08-29 17:00:00,2024-08-30 02:00:00,True,4,2024-08-30 00:00:00,1421.0,583.5,2.4353041988003428,17.319184800497922,both
other-3a5b323f78a2,2024-08-30,mets,US Open Day 5 (Day Session),Other,2024-08-30 08:00:00,2024-08-30 21:00:00,True,11,2024-08-30 19:00:00,4620.0,204.0,22.647058823529413,10.15604040043453,both
other-c7aaa7b20022,2024-08-30,mets,US Open Day 5 (Night Session),Other,2024-08-30 16:00:00,2024-08-31 02:30:00,True,11,2024-08-31 01:00:00,2779.0,9.0,308.77777777777777,1249.7994330617025,both
mlb-7a739d812d1b,2024-08-30,yankee,NYY vs STL,Sports-MLB,2024-08-30 16:00:00,2024-08-31 01:00:00,True,6,2024-08-30 21:00:00,11033.0,501.0,22.02195608782435,1.5949162134661878,ratio
concert-ae8d487645b9,2024-08-30,msg_penn,Asake @ Madison Square Garden,Concert,2024-08-30 17:00:00,2024-08-31 02:00:00,True,6,2024-08-31 00:00:00,1216.0,752.5,1.6159468438538207,7.4755420526679695,both
other-e5e34c885a67,2024-08-31,mets,US Open Day 6 (Day Session),Other,2024-08-31 08:00:00,2024-08-31 21:00:00,True,8,2024-08-31 17:00:00,3102.0,435.0,7.13103448275862,3.754810736761305,both
mlb-bd943f322b2a,2024-08-31,yankee,NYY vs STL,Sports-MLB,2024-08-31 10:00:00,2024-08-31 19:00:00,True,4,2024-08-31 16:00:00,7010.0,678.0,10.339233038348082,0.7280611222197312,ratio
other-270a867fe824,2024-08-31,mets,US Open Day 6 (Night Session),Other,2024-08-31 16:00:00,2024-09-01 02:30:00,True,11,2024-09-01 00:00:00,5533.0,31.0,178.48387096774192,2.674117263237169,ratio
other-a4c698d6b1d4,2024-09-01,mets,US Open Day 7 (Day Session),Other,2024-09-01 08:00:00,2024-09-01 21:00:00,True,8,2024-09-01 21:00:00,2642.0,109.0,24.238532110091743,81.68451797532151,both
mlb-54df96f16cd1,2024-09-01,yankee,NYY vs STL,Sports-MLB,2024-09-01 10:00:00,2024-09-01 19:00:00,True,4,2024-09-01 17:00:00,7332.0,491.5,14.917599186164802,1.3287720535927579,ratio
other-d90a7af61cae,2024-09-01,mets,US Open Day 7 (Night Session),Other,2024-09-01 16:00:00,2024-09-02 02:30:00,True,11,2024-09-01 23:00:00,4170.0,27.0,154.44444444444446,23.144569118908027,both
parade-e82231045d86,2024-09-02,barclays,West Indian American Day Parade,Parade,2024-09-02 08:00:00,2024-09-02 21:00:00,True,6,2024-09-02 20:00:00,1295.0,1097.0,1.1804922515952598,6.059998635391682,z
other-54ae9390c9ac,2024-09-02,mets,US Open Day 8 (Day Session - Labor Day),Other,2024-09-02 08:00:00,2024-09-02 21:00:00,True,11,2024-09-02 21:00:00,10151.0,61.0,166.40983606557376,3.5530969167471826,both
mlb-56b70714e756,2024-09-02,mets,NYM vs BOS,Sports-MLB,2024-09-02 16:00:00,2024-09-03 01:00:00,True,10,2024-09-03 00:00:00,4369.0,16.0,273.0625,1.699777129135463,ratio
other-7bfe2428ac67,2024-09-02,mets,US Open Day 8 (Night Session - Labor Day),Other,2024-09-02 16:00:00,2024-09-03 02:30:00,True,11,2024-09-03 00:00:00,4369.0,16.0,273.0625,1.699777129135463,ratio
other-27a1efe60dc7,2024-09-03,mets,US Open Day 9 (Day Session),Other,2024-09-03 08:00:00,2024-09-03 21:00:00,True,9,2024-09-03 21:00:00,6380.0,100.0,63.8,1.0089966886780097,ratio
mlb-7df239aa8c95,2024-09-03,mets,NYM vs BOS,Sports-MLB,2024-09-03 16:00:00,2024-09-04 01:00:00,True,10,2024-09-04 00:00:00,2988.0,23.0,129.91304347826087,1.9243899550940138,ratio
other-25be8031b5b5,2024-09-03,mets,US Open Day 9 (Night Session),Other,2024-09-03 16:00:00,2024-09-04 02:30:00,True,11,2024-09-04 00:00:00,2988.0,23.0,129.91304347826087,1.9243899550940138,ratio
concert-9d5d0ba4b1a7,2024-09-03,msg_penn,Pearl Jam @ Madison Square Garden,Concert,2024-09-03 17:00:00,2024-09-04 02:00:00,True,4,2024-09-03 23:00:00,2046.0,775.0,2.64,2.9073153562936,ratio
other-a76045ebf683,2024-09-04,mets,US Open Day 10 (Day Session),Other,2024-09-04 08:00:00,2024-09-04 21:00:00,True,10,2024-09-04 21:00:00,2415.0,108.5,22.258064516129032,-0.44111704163894805,ratio
mlb-9b0f7c1da00c,2024-09-04,mets,NYM vs BOS,Sports-MLB,2024-09-04 16:00:00,2024-09-05 01:00:00,True,10,2024-09-05 00:00:00,2826.0,43.5,64.96551724137932,5.769858763281316,both
other-cf9e228238e4,2024-09-04,mets,US Open Day 10 (Night Session),Other,2024-09-04 16:00:00,2024-09-05 02:30:00,True,10,2024-09-05 00:00:00,2826.0,43.5,64.96551724137932,5.769858763281316,both
concert-9d00a8c90681,2024-09-04,msg_penn,Pearl Jam @ Madison Square Garden,Concert,2024-09-04 17:00:00,2024-09-05 02:00:00,True,2,2024-09-05 00:00:00,1183.0,486.5,2.431654676258993,2.1482937447526806,ratio
other-828d30c1b218,2024-09-05,mets,US Open Women's Semifinals,Other,2024-09-05 16:00:00,2024-09-06 02:30:00,True,11,2024-09-05 23:00:00,5413.0,34.5,156.8985507246377,1.2943238608003225,ratio
concert-d0533c86a892,2024-09-05,msg_penn,Cage the Elephant @ Madison Square Garden,Concert,2024-09-05 17:00:00,2024-09-06 02:00:00,True,4,2024-09-05 23:00:00,2815.0,1049.5,2.682229633158647,2.032671004580001,ratio
mlb-7aaf5b004a9c,2024-09-06,mets,NYM vs CIN,Sports-MLB,2024-09-06 16:00:00,2024-09-07 01:00:00,True,10,2024-09-06 23:00:00,5436.0,93.5,58.13903743315508,5.051873480669546,both
other-e1001ad586e9,2024-09-06,mets,US Open Men's Semifinals,Other,2024-09-06 16:00:00,2024-09-07 02:30:00,True,11,2024-09-06 23:00:00,5436.0,93.5,58.13903743315508,5.051873480669546,both
concert-e459eba8e717,2024-09-06,barclays,Usher @ Barclays Center,Concert,2024-09-06 17:00:00,2024-09-07 02:00:00,True,4,2024-09-06 23:00:00,3146.0,615.0,5.1154471544715445,45.62573909712082,both
concert-bb891a11a46a,2024-09-06,msg_penn,Cigarettes After Sex @ Madison Square Garden,Concert,2024-09-06 17:00:00,2024-09-07 02:00:00,True,3,2024-09-06 18:00:00,4209.0,3986.5,1.055813370124169,3.6900816285680222,z
mlb-3d7b7a9b5fa0,2024-09-07,mets,NYM vs CIN,Sports-MLB,2024-09-07 10:00:00,2024-09-07 19:00:00,True,6,2024-09-07 19:00:00,9287.0,929.5,9.991393222162452,6.654929598476897,both
other-41a88465c863,2024-09-07,mets,US Open Women's Final,Other,2024-09-07 13:00:00,2024-09-08 00:00:00,True,10,2024-09-07 23:00:00,1267.0,80.0,15.8375,-0.03061223346024582,ratio
concert-e317bc9bb264,2024-09-07,barclays,Usher @ Barclays Center,Concert,2024-09-07 17:00:00,2024-09-08 02:00:00,True,3,2024-09-07 23:00:00,2925.0,680.5,4.298310066127847,57.63090284480199,both
concert-2ca4d208e998,2024-09-07,msg_penn,BIA @ Madison Square Garden,Concert,2024-09-07 17:00:00,2024-09-08 02:00:00,True,3,2024-09-08 01:00:00,901.0,266.0,3.387218045112782,10.811632448313555,both
mlb-55f3fc655d27,2024-09-08,mets,NYM vs CIN,Sports-MLB,2024-09-08 10:00:00,2024-09-08 19:00:00,True,8,2024-09-08 17:00:00,7347.0,400.0,18.3675,8.757803496666794,both
other-257892b1a7e0,2024-09-08,mets,US Open Men's Final,Other,2024-09-08 11:00:00,2024-09-08 22:00:00,True,11,2024-09-08 17:00:00,7347.0,400.0,18.3675,8.757803496666794,both
mlb-abb749633541,2024-09-09,yankee,NYY vs KCR,Sports-MLB,2024-09-09 16:00:00,2024-09-10 01:00:00,True,6,2024-09-09 22:00:00,6362.0,218.0,29.18348623853211,377.90002984870546,both
concert-54e5938de1c3,2024-09-09,barclays,Usher @ Barclays Center,Concert,2024-09-09 17:00:00,2024-09-10 02:00:00,True,4,2024-09-09 23:00:00,3075.0,426.0,7.21830985915493,0.48750590778615904,ratio
mlb-ca949fe5204d,2024-09-10,yankee,NYY vs KCR,Sports-MLB,2024-09-10 16:00:00,2024-09-11 01:00:00,True,7,2024-09-10 21:00:00,8434.0,321.0,26.274143302180686,3.388377191717484,both
concert-6012e9e76e64,2024-09-10,barclays,Usher @ Barclays Center,Concert,2024-09-10 17:00:00,2024-09-11 02:00:00,True,6,2024-09-10 23:00:00,2754.0,409.0,6.733496332518337,0.9198964244699924,ratio
mlb-5fae3f870348,2024-09-11,yankee,NYY vs KCR,Sports-MLB,2024-09-11 16:00:00,2024-09-12 01:00:00,True,9,2024-09-11 22:00:00,6977.0,252.5,27.631683168316833,9.13543513639921,both
concert-29634376ba56,2024-09-11,msg_penn,Weezer @ Madison Square Garden,Concert,2024-09-11 17:00:00,2024-09-12 02:00:00,True,5,2024-09-11 23:00:00,1706.0,865.0,1.9722543352601156,3.709935791019247,both
mlb-1e4616d36761,2024-09-12,yankee,NYY vs BOS,Sports-MLB,2024-09-12 16:00:00,2024-09-13 01:00:00,True,6,2024-09-12 22:00:00,9597.0,250.5,38.31137724550898,524.8698089722109,both
concert-8d8d6b895648,2024-09-12,msg_penn,Hans Zimmer @ Madison Square Garden,Concert,2024-09-12 17:00:00,2024-09-13 02:00:00,True,6,2024-09-12 23:00:00,2167.0,1049.5,2.0647927584564076,0.4156823595465483,ratio
mlb-ce2cd228c382,2024-09-13,yankee,NYY vs BOS,Sports-MLB,2024-09-13 16:00:00,2024-09-14 01:00:00,True,8,2024-09-13 22:00:00,12201.0,808.5,15.090909090909092,5.182057235933002,both
concert-8a07ec88749d,2024-09-13,barclays,Kygo @ Barclays Center,Concert,2024-09-13 17:00:00,2024-09-14 02:00:00,True,3,2024-09-13 23:00:00,3821.0,615.0,6.213008130081301,2.0138229592824004,ratio
mlb-748442bbc479,2024-09-14,yankee,NYY vs BOS,Sports-MLB,2024-09-14 10:00:00,2024-09-14 19:00:00,True,6,2024-09-14 16:00:00,10044.0,678.0,14.814159292035399,2.0798125006165815,ratio
concert-a4d2c8e5ff4c,2024-09-14,barclays,Kygo @ Barclays Center,Concert,2024-09-14 17:00:00,2024-09-15 02:00:00,True,4,2024-09-14 23:00:00,3368.0,680.5,4.949301983835415,1.8942163605178697,ratio
concert-6c08422c6bf9,2024-09-14,msg_penn,Infinity Song @ Madison Square Garden,Concert,2024-09-14 17:00:00,2024-09-15 02:00:00,True,4,2024-09-14 23:00:00,2514.0,1317.0,1.9088838268792712,6.38337549622833,both
mlb-4bd1ee4ceb90,2024-09-15,yankee,NYY vs BOS,Sports-MLB,2024-09-15 10:00:00,2024-09-15 19:00:00,True,6,2024-09-15 16:00:00,11055.0,525.0,21.057142857142857,1.6055323317351413,ratio
concert-616b6de3ef73,2024-09-15,msg_penn,Ishay Ribo @ Madison Square Garden,Concert,2024-09-15 17:00:00,2024-09-16 02:00:00,True,1,2024-09-15 23:00:00,1902.0,779.0,2.441591784338896,1.851825183074767,ratio
mlb-1a371c621cf5,2024-09-16,mets,NYM vs WSN,Sports-MLB,2024-09-16 16:00:00,2024-09-17 01:00:00,True,4,2024-09-16 21:00:00,4252.0,61.0,69.70491803278688,-0.03945434605287762,ratio
concert-1e390e06c899,2024-09-16,barclays,Linkin Park @ Barclays Center,Concert,2024-09-16 17:00:00,2024-09-17 02:00:00,True,3,2024-09-16 23:00:00,2992.0,426.0,7.023474178403756,0.43702555997960446,ratio
concert-5e3ab3d5d3cc,2024-09-16,msg_penn,Rooney @ Madison Square Garden,Concert,2024-09-16 17:00:00,2024-09-17 02:00:00,True,2,2024-09-17 02:00:00,112.0,69.0,1.6231884057971016,1.9315532100481656,ratio
mlb-0c970c4f7af3,2024-09-17,mets,NYM vs WSN,Sports-MLB,2024-09-17 16:00:00,2024-09-18 01:00:00,True,4,2024-09-17 22:00:00,3084.0,56.0,55.07142857142857,-0.24125265335922907,ratio
concert-ccf7d6f8beae,2024-09-17,barclays,Sexyy Red @ Barclays Center,Concert,2024-09-17 17:00:00,2024-09-18 02:00:00,True,2,2024-09-17 23:00:00,983.0,409.0,2.4034229828850857,-0.4884738494272909,ratio
concert-893f9eefe672,2024-09-17,msg_penn,Rooney @ Madison Square Garden,Concert,2024-09-17 17:00:00,2024-09-18 02:00:00,True,1,2024-09-17 20:00:00,1876.0,1794.0,1.0457079152731326,3.4045882057129675,z
mlb-1b5dfe5db8c1,2024-09-18,mets,NYM vs WSN,Sports-MLB,2024-09-18 16:00:00,2024-09-19 01:00:00,True,4,2024-09-18 21:00:00,6642.0,108.5,61.21658986175115,1.7089843159792895,ratio
concert-b48a2897bee2,2024-09-18,barclays,twenty one pilots @ Barclays Center,Concert,2024-09-18 17:00:00,2024-09-19 02:00:00,True,6,2024-09-18 23:00:00,3587.0,444.0,8.07882882882883,71.46692556753273,both
concert-a18b2ad54e51,2024-09-18,msg_penn,Jerry Seinfeld @ Madison Square Garden,Concert,2024-09-18 17:00:00,2024-09-19 02:00:00,True,3,2024-09-18 21:00:00,2241.0,1692.0,1.324468085106383,3.15631806709717,z
mlb-2163e9b8a755,2024-09-19,mets,NYM vs PHI,Sports-MLB,2024-09-19 16:00:00,2024-09-20 01:00:00,True,5,2024-09-19 22:00:00,5405.0,43.5,124.25287356321839,2.4335877965929873,ratio
mlb-d07b1ce8ee94,2024-09-20,mets,NYM vs PHI,Sports-MLB,2024-09-20 16:00:00,2024-09-21 01:00:00,True,5,2024-09-20 22:00:00,6370.0,340.0,18.735294117647058,2.641814917843104,ratio
concert-a893d7d9298f,2024-09-20,barclays,Kehlani @ Barclays Center,Concert,2024-09-20 17:00:00,2024-09-21 02:00:00,True,3,2024-09-20 23:00:00,2283.0,615.0,3.7121951219512197,0.16062245323195257,ratio
mlb-e5b72226b177,2024-09-21,mets,NYM vs PHI,Sports-MLB,2024-09-21 10:00:00,2024-09-21 19:00:00,True,2,2024-09-21 18:00:00,6773.0,681.5,9.938371239911959,1.3805829149328648,ratio
concert-dbf34dbba47b,2024-09-21,barclays,Ana Gabriel @ Barclays Center,Concert,2024-09-21 17:00:00,2024-09-22 02:00:00,True,3,2024-09-21 23:00:00,3003.0,680.5,4.4129316678912565,0.7593328809610108,ratio
mlb-535624c1a43f,2024-09-22,mets,NYM vs PHI,Sports-MLB,2024-09-22 16:00:00,2024-09-23 01:00:00,True,5,2024-09-22 22:00:00,3463.0,54.0,64.12962962962963,4.548075586662424,both
concert-c2d261911fa4,2024-09-22,msg_penn,Sebastian Maniscalco @ Madison Square Garden,Concert,2024-09-22 17:00:00,2024-09-23 02:00:00,True,3,2024-09-22 21:00:00,2423.0,1789.5,1.354009499860296,7.535524964601021,z
concert-ec2ee04ddcc1,2024-09-23,msg_penn,Shygirl @ Madison Square Garden,Concert,2024-09-23 17:00:00,2024-09-24 02:00:00,True,3,2024-09-23 22:00:00,3983.0,1271.0,3.13375295043273,5.2550784181021415,both
mlb-64de4caf564d,2024-09-24,yankee,NYY vs BAL,Sports-MLB,2024-09-24 16:00:00,2024-09-25 01:00:00,True,5,2024-09-24 22:00:00,9405.0,255.0,36.88235294117647,19.019795087322056,both
mlb-0500e8c7f668,2024-09-25,yankee,NYY vs BAL,Sports-MLB,2024-09-25 16:00:00,2024-09-26 01:00:00,True,5,2024-09-25 22:00:00,5559.0,252.5,22.015841584158416,1.065641653415357,ratio
concert-d0220a6f17d1,2024-09-25,barclays,Jazmine Sullivan @ Barclays Center,Concert,2024-09-25 17:00:00,2024-09-26 02:00:00,True,2,2024-09-25 23:00:00,1714.0,444.0,3.8603603603603602,0.3281594038257628,ratio
concert-35f2269e9da8,2024-09-25,msg_penn,Meghan Trainor @ Madison Square Garden,Concert,2024-09-25 17:00:00,2024-09-26 02:00:00,False,0,,,,,,
mlb-e9199c005d06,2024-09-26,yankee,NYY vs BAL,Sports-MLB,2024-09-26 16:00:00,2024-09-27 01:00:00,True,5,2024-09-26 22:00:00,7060.0,250.5,28.18363273453094,0.9562863334249997,ratio
mlb-2a8fc3e39eb3,2024-09-27,yankee,NYY vs PIT,Sports-MLB,2024-09-27 16:00:00,2024-09-28 01:00:00,True,6,2024-09-27 22:00:00,7615.0,808.5,9.418676561533704,0.5936235188578154,ratio
concert-e042ec94037a,2024-09-27,msg_penn,Warren Zeiders @ Madison Square Garden,Concert,2024-09-27 17:00:00,2024-09-28 02:00:00,True,2,2024-09-28 01:00:00,496.0,319.5,1.5524256651017214,1.3820246347903036,ratio
mlb-ce4e745b2a59,2024-09-28,yankee,NYY vs PIT,Sports-MLB,2024-09-28 10:00:00,2024-09-28 19:00:00,True,4,2024-09-28 16:00:00,7086.0,678.0,10.451327433628318,0.02899054254989472,ratio
concert-8a17f1213b6c,2024-09-28,msg_penn,Mt. Joy @ Madison Square Garden,Concert,2024-09-28 17:00:00,2024-09-29 02:00:00,True,3,2024-09-28 22:00:00,2948.0,1583.0,1.8622867972204675,4.911576933671496,both
mlb-58f504b0e0ba,2024-09-29,yankee,NYY vs PIT,Sports-MLB,2024-09-29 10:00:00,2024-09-29 19:00:00,True,3,2024-09-29 19:00:00,5146.0,353.5,14.557284299858557,75.04465992215269,both
concert-d25ca8567110,2024-09-29,msg_penn,Sabrina Carpenter @ Madison Square Garden,Concert,2024-09-29 17:00:00,2024-09-30 02:00:00,True,2,2024-09-29 22:00:00,2158.0,1214.0,1.7775947281713345,6.146925906510245,both
concert-bc666d4b00e0,2024-09-30,barclays,Sabrina Carpenter @ Barclays Center,Concert,2024-09-30 17:00:00,2024-10-01 02:00:00,True,3,2024-09-30 22:00:00,5010.0,624.0,8.028846153846153,2.5169516689845093,ratio
concert-19b18d9dd22b,2024-09-30,msg_penn,Conan Gray @ Madison Square Garden,Concert,2024-09-30 17:00:00,2024-10-01 02:00:00,True,2,2024-09-30 22:00:00,2103.0,1073.0,1.9599254426840633,0.49997200578995304,ratio
concert-477dea79d80a,2024-10-03,barclays,Peso Pluma @ Barclays Center,Concert,2024-10-03 17:00:00,2024-10-04 02:00:00,True,3,2024-10-04 00:00:00,3215.0,245.5,13.095723014256619,118.92744207783925,both
concert-a9266a4a83d9,2024-10-04,msg_penn,Bleachers @ Madison Square Garden,Concert,2024-10-04 17:00:00,2024-10-05 02:00:00,True,3,2024-10-04 23:00:00,2275.0,1270.0,1.7913385826771653,4.407298360530089,both
mlb-2afbff99eb61,2024-10-05,yankee,Yankees vs Royals (ALDS G1),Sports-MLB,2024-10-05 15:00:00,2024-10-06 00:00:00,True,6,2024-10-05 22:00:00,13510.0,270.0,50.03703703703704,487.7192450546076,both
concert-9efac4085a2f,2024-10-05,msg_penn,Mark Ronson @ Madison Square Garden,Concert,2024-10-05 17:00:00,2024-10-06 02:00:00,True,4,2024-10-05 23:00:00,3303.0,1317.0,2.507972665148064,2.61453119952406,ratio
concert-3584941c3b4f,2024-10-06,msg_penn,Turnstiles @ Madison Square Garden,Concert,2024-10-06 17:00:00,2024-10-07 02:00:00,False,0,,,,,,
mlb-5f2488b27a4a,2024-10-07,yankee,Yankees vs Royals (ALDS G2),Sports-MLB,2024-10-07 15:30:00,2024-10-08 00:30:00,True,7,2024-10-07 23:00:00,6498.0,128.0,50.765625,47.17544380629631,both
concert-6694360c531b,2024-10-07,barclays,Justin Timberlake @ Barclays Center,Concert,2024-10-07 17:00:00,2024-10-08 02:00:00,True,3,2024-10-07 23:00:00,3676.0,426.0,8.629107981220658,1.2999489210721655,ratio
mlb-66278f6f0955,2024-10-08,mets,Mets vs Phillies (NLDS G3),Sports-MLB,2024-10-08 15:00:00,2024-10-09 00:00:00,True,6,2024-10-08 20:00:00,3580.0,197.0,18.17258883248731,23.09389914355072,both
mlb-433c2fcea030,2024-10-09,mets,Mets vs Phillies (NLDS G4),Sports-MLB,2024-10-09 15:00:00,2024-10-10 00:00:00,True,9,2024-10-09 21:00:00,727.0,108.5,6.700460829493087,-0.29832132409258616,ratio
concert-b2fdbb9d8faa,2024-10-10,barclays,Rick Ross @ Barclays Center,Concert,2024-10-10 17:00:00,2024-10-11 02:00:00,True,3,2024-10-10 22:00:00,4787.0,762.0,6.282152230971128,28.919708047944376,both
concert-1cae35abff48,2024-10-10,msg_penn,Stevie Wonder @ Madison Square Garden,Concert,2024-10-10 17:00:00,2024-10-11 02:00:00,True,2,2024-10-10 23:00:00,2461.0,1049.5,2.3449261553120535,1.9482255067348757,ratio
nhl-087142972c26,2024-10-12,msg_penn,NYR vs Utah Hockey Club,Sports-NHL,2024-10-12 16:00:00,2024-10-13 00:30:00,True,3,2024-10-12 22:00:00,3186.0,1583.0,2.012634238787113,1.8940906627504637,ratio
nhl-3ae30f1e3b79,2024-10-14,msg_penn,NYR vs Detroit Red Wings,Sports-NHL,2024-10-14 16:00:00,2024-10-15 00:30:00,True,5,2024-10-15 00:00:00,1476.0,433.0,3.4087759815242493,13.775199170846289,both
mlb-599861b00de0,2024-10-14,yankee,Yankees vs Guardians (ALCS G1),Sports-MLB,2024-10-14 17:00:00,2024-10-15 02:00:00,True,6,2024-10-14 22:00:00,10550.0,218.0,48.39449541284404,1.6619932928882037,ratio
mlb-fec7e2e55794,2024-10-15,yankee,Yankees vs Guardians (ALCS G2),Sports-MLB,2024-10-15 16:30:00,2024-10-16 01:30:00,True,6,2024-10-15 23:00:00,11060.0,157.0,70.44585987261146,40.26587938863637,both
mlb-65b81e8b88da,2024-10-16,mets,Mets vs Dodgers (NLCS G3),Sports-MLB,2024-10-16 17:00:00,2024-10-17 02:00:00,True,6,2024-10-16 23:00:00,8811.0,53.0,166.24528301886792,44.40141939702797,both
concert-8b9be5db4639,2024-10-16,msg_penn,Billie Eilish @ Madison Square Garden,Concert,2024-10-16 17:00:00,2024-10-17 02:00:00,True,2,2024-10-16 22:00:00,3617.0,1367.5,2.6449725776965267,2.527380434136437,ratio
mlb-48c428dd7a25,2024-10-17,mets,Mets vs Dodgers (NLCS G4),Sports-MLB,2024-10-17 17:00:00,2024-10-18 02:00:00,True,6,2024-10-17 23:00:00,9547.0,34.5,276.72463768115944,118.62894815034319,both
concert-8177d023281f,2024-10-17,msg_penn,Billie Eilish @ Madison Square Garden,Concert,2024-10-17 17:00:00,2024-10-18 02:00:00,True,4,2024-10-17 22:00:00,4026.0,1662.5,2.421654135338346,11.326644629344173,both
mlb-72460a05471f,2024-10-18,mets,Mets vs Dodgers (NLCS G5),Sports-MLB,2024-10-18 17:00:00,2024-10-19 02:00:00,True,7,2024-10-18 20:00:00,9216.0,222.0,41.513513513513516,49.958508271667306,both
concert-eb8de0445faa,2024-10-18,msg_penn,Billie Eilish @ Madison Square Garden,Concert,2024-10-18 17:00:00,2024-10-19 02:00:00,True,7,2024-10-18 22:00:00,3590.0,1740.5,2.0626256822752085,9.873797564481798,both
concert-8b30e25e6148,2024-10-19,msg_penn,Maggie Rogers @ Madison Square Garden,Concert,2024-10-19 17:00:00,2024-10-20 02:00:00,True,5,2024-10-19 22:00:00,3744.0,1583.0,2.365129500947568,1.9451033379992084,ratio
concert-67fe9d21381b,2024-10-20,msg_penn,Maggie Rogers @ Madison Square Garden,Concert,2024-10-20 17:00:00,2024-10-21 02:00:00,True,5,2024-10-20 22:00:00,3216.0,1214.0,2.6490939044481054,3.6781686880008,both
nhl-2efb796f0460,2024-10-24,msg_penn,NYR vs Florida Panthers,Sports-NHL,2024-10-24 16:00:00,2024-10-25 00:30:00,True,2,2024-10-24 21:00:00,3275.0,1658.0,1.9752714113389627,3.1961608609714314,both
nba-613ac492f7f1,2024-10-25,msg_penn,NYK vs Indiana Pacers,Sports-NBA,2024-10-25 16:30:00,2024-10-26 01:00:00,True,5,2024-10-25 22:00:00,3533.0,1740.5,2.029876472278081,1.4233068245870992,ratio
nhl-51342bd306bd,2024-10-26,msg_penn,NYR vs Anaheim Ducks,Sports-NHL,2024-10-26 16:00:00,2024-10-27 00:30:00,True,3,2024-10-26 21:00:00,2846.0,1614.5,1.7627748528956333,8.724081068764628,both
concert-d3a8a704a819,2024-10-26,barclays,Christian Nodal @ Barclays Center,Concert,2024-10-26 17:00:00,2024-10-27 02:00:00,True,4,2024-10-27 00:00:00,1580.0,362.0,4.3646408839779,4.169899801162356,both
nba-9556a9d05813,2024-10-27,barclays,BRK vs Milwaukee Bucks,Sports-NBA,2024-10-27 15:00:00,2024-10-27 23:30:00,True,2,2024-10-27 20:00:00,7523.0,994.0,7.56841046277666,75.77614717648308,both
concert-d50261c214de,2024-10-27,msg_penn,Christopher Macchio @ Madison Square Garden,Concert,2024-10-27 17:00:00,2024-10-28 02:00:00,True,5,2024-10-27 23:00:00,1744.0,735.5,2.371176070700204,3.8090220464584603,both
nba-c83e588d9968,2024-10-28,msg_penn,NYK vs Cleveland Cavaliers,Sports-NBA,2024-10-28 16:30:00,2024-10-29 01:00:00,True,3,2024-10-28 22:00:00,2918.0,1073.0,2.7194780987884437,2.846684994162598,ratio
concert-dfd0c1df20e5,2024-10-28,barclays,Chase Atlantic @ Barclays Center,Concert,2024-10-28 17:00:00,2024-10-29 02:00:00,True,2,2024-10-28 22:00:00,2351.0,624.0,3.7676282051282053,-0.07199105659938519,ratio
mlb-d24d14c472db,2024-10-28,yankee,Yankees vs Dodgers (WS G3),Sports-MLB,2024-10-28 17:00:00,2024-10-29 02:30:00,True,10,2024-10-28 23:00:00,11547.0,128.0,90.2109375,2.946559936671725,ratio
nba-cacce84508c7,2024-10-29,barclays,BRK vs Denver Nuggets,Sports-NBA,2024-10-29 16:30:00,2024-10-30 01:00:00,True,4,2024-10-29 22:00:00,7671.0,691.0,11.101302460202605,5.473130168192033,both
concert-e04b38eb2fcd,2024-10-29,msg_penn,Kelsea Ballerini @ Madison Square Garden,Concert,2024-10-29 17:00:00,2024-10-30 02:00:00,True,4,2024-10-29 23:00:00,1561.0,715.0,2.1832167832167833,7.037370575835529,both
mlb-b3d65b00d28b,2024-10-29,yankee,Yankees vs Dodgers (WS G4),Sports-MLB,2024-10-29 17:00:00,2024-10-30 02:30:00,True,7,2024-10-29 23:00:00,15664.0,157.0,99.77070063694268,2.3433521512389786,ratio
concert-72b1d5002b71,2024-10-30,msg_penn,Cyndi Lauper @ Madison Square Garden,Concert,2024-10-30 17:00:00,2024-10-31 02:00:00,True,5,2024-10-30 23:00:00,2027.0,865.0,2.3433526011560692,1.7962763581174337,ratio
mlb-b0303b526def,2024-10-30,yankee,Yankees vs Dodgers (WS G5),Sports-MLB,2024-10-30 17:00:00,2024-10-31 02:30:00,True,10,2024-10-31 00:00:00,13090.0,82.5,158.66666666666666,4531.850656322431,both
concert-ae09cf2986c4,2024-10-31,barclays,Latto @ Barclays Center,Concert,2024-10-31 17:00:00,2024-11-01 02:00:00,True,4,2024-11-01 00:00:00,1033.0,227.5,4.5406593406593405,0.023502110255447337,ratio
concert-71acf93a5732,2024-10-31,msg_penn,Duran Duran @ Madison Square Garden,Concert,2024-10-31 17:00:00,2024-11-01 02:00:00,True,8,2024-11-01 00:00:00,1687.0,476.5,3.540398740818468,7.896738908017816,both
nhl-05546214ae62,2024-11-01,msg_penn,NYR vs Ottawa Senators,Sports-NHL,2024-11-01 16:00:00,2024-11-02 00:30:00,True,2,2024-11-01 21:00:00,3018.0,1778.0,1.6974128233970753,4.899378726899098,both
nba-ba5495090b28,2024-11-01,barclays,BRK vs Chicago Bulls,Sports-NBA,2024-11-01 16:30:00,2024-11-02 01:00:00,True,2,2024-11-01 22:00:00,6311.0,926.0,6.815334773218143,1.2316057616868437,ratio
concert-6d036b80637f,2024-11-02,barclays,Iron Maiden @ Barclays Center,Concert,2024-11-02 17:00:00,2024-11-03 02:00:00,True,3,2024-11-02 23:00:00,3185.0,682.0,4.670087976539589,2.5751343082908895,ratio
civic-480be36125eb,2024-11-03,times_sq,NYC Marathon,Civic,2024-11-03 06:00:00,2024-11-03 18:00:00,True,3,2024-11-03 06:00:00,1545.0,843.5,1.831653823355068,35.103125623958604,both
nba-e5974536aad1,2024-11-03,barclays,BRK vs Detroit Pistons,Sports-NBA,2024-11-03 12:30:00,2024-11-03 21:00:00,True,6,2024-11-03 18:00:00,5567.0,1410.5,3.946827366182205,13.991899348705324,both
nhl-794eeabf74bd,2024-11-03,msg_penn,NYR vs New York Islanders,Sports-NHL,2024-11-03 16:00:00,2024-11-04 00:30:00,True,2,2024-11-03 16:00:00,3437.0,2248.0,1.528914590747331,0.053050849707750564,ratio
nba-7b66e76d529c,2024-11-04,barclays,BRK vs Memphis Grizzlies,Sports-NBA,2024-11-04 17:00:00,2024-11-05 01:30:00,True,3,2024-11-04 22:00:00,7532.0,642.5,11.722957198443579,4.0127025829485286,both
concert-395a31eab48b,2024-11-04,msg_penn,David Gilmour @ Madison Square Garden,Concert,2024-11-04 17:00:00,2024-11-05 02:00:00,True,2,2024-11-05 02:00:00,116.0,61.0,1.901639344262295,3.6107594337445024,both
concert-1b067a593070,2024-11-05,msg_penn,David Gilmour @ Madison Square Garden,Concert,2024-11-05 17:00:00,2024-11-06 02:00:00,True,3,2024-11-05 23:00:00,1185.0,603.5,1.9635459817729908,0.47301885723437537,ratio
concert-e09d6d595f9c,2024-11-06,barclays,Maverick City Music @ Barclays Center,Concert,2024-11-06 17:00:00,2024-11-07 02:00:00,True,3,2024-11-06 22:00:00,1988.0,682.0,2.9149560117302054,10.02624392643504,both
concert-35c2e4eba36b,2024-11-06,msg_penn,David Gilmour @ Madison Square Garden,Concert,2024-11-06 17:00:00,2024-11-07 02:00:00,True,3,2024-11-07 02:00:00,126.0,72.5,1.7379310344827585,3.1072161059994046,both
nhl-4dc818586386,2024-11-07,msg_penn,NYR vs Buffalo Sabres,Sports-NHL,2024-11-07 16:00:00,2024-11-08 00:30:00,True,1,2024-11-07 21:00:00,3047.0,1798.5,1.694189602446483,1.1824976813876784,ratio
concert-ba967aa7466b,2024-11-07,barclays,Marc Anthony @ Barclays Center,Concert,2024-11-07 17:00:00,2024-11-08 02:00:00,True,3,2024-11-07 23:00:00,2475.0,495.5,4.994954591321897,3.307989658661929,both
nba-16e88d182de9,2024-11-08,msg_penn,NYK vs Milwaukee Bucks,Sports-NBA,2024-11-08 16:30:00,2024-11-09 01:00:00,True,3,2024-11-09 01:00:00,527.0,296.5,1.7774030354131534,2.555088721385855,ratio
concert-3175b2cfc617,2024-11-09,msg_penn,David Gilmour @ Madison Square Garden,Concert,2024-11-09 17:00:00,2024-11-10 02:00:00,True,7,2024-11-09 23:00:00,2217.0,1180.0,1.8788135593220339,3.4690898138145805,both
concert-f9655371f9bf,2024-11-10,msg_penn,David Gilmour @ Madison Square Garden,Concert,2024-11-10 17:00:00,2024-11-11 02:00:00,True,4,2024-11-10 23:00:00,1564.0,609.0,2.568144499178982,1.0448010990099694,ratio
parade-7a0594bc58db,2024-11-11,times_sq,Veterans Day Parade,Parade,2024-11-11 07:00:00,2024-11-11 17:00:00,False,0,,,,,,
concert-18afd301b9d5,2024-11-11,barclays,Molly Santana @ Barclays Center,Concert,2024-11-11 17:00:00,2024-11-12 02:00:00,True,2,2024-11-11 23:00:00,4117.0,358.0,11.5,13.500593339427217,both
nhl-08e17bcc921a,2024-11-12,msg_penn,NYR vs Winnipeg Jets,Sports-NHL,2024-11-12 16:00:00,2024-11-13 00:30:00,True,1,2024-11-12 21:00:00,3208.0,2139.0,1.4997662459093035,3.2796511712451157,z
nba-5ca3cfec9921,2024-11-13,barclays,BRK vs Boston Celtics,Sports-NBA,2024-11-13 16:30:00,2024-11-14 01:00:00,True,2,2024-11-13 22:00:00,4912.0,682.0,7.202346041055718,6.514600054939009,both
nba-f54be4be84f0,2024-11-13,msg_penn,NYK vs Chicago Bulls,Sports-NBA,2024-11-13 16:30:00,2024-11-14 01:00:00,True,4,2024-11-13 22:00:00,3149.0,1364.5,2.3078050567973616,1.6606139036853826,ratio
nhl-289c31b31ecd,2024-11-14,msg_penn,NYR vs San Jose Sharks,Sports-NHL,2024-11-14 16:00:00,2024-11-15 00:30:00,True,1,2024-11-14 21:00:00,3147.0,1798.5,1.749791492910759,0.8365334993488734,ratio
nba-02dd8938a7a3,2024-11-15,msg_penn,NYK vs Brooklyn Nets,Sports-NBA,2024-11-15 16:30:00,2024-11-16 01:00:00,True,4,2024-11-15 22:00:00,3363.0,1692.0,1.9875886524822695,0.5037699916842246,ratio
concert-65ac1fd8f927,2024-11-15,barclays,Nickel Creek @ Barclays Center,Concert,2024-11-15 17:00:00,2024-11-16 02:00:00,True,1,2024-11-15 23:00:00,5308.0,731.5,7.256322624743677,8.929616889436142,both
concert-e4fc82d21247,2024-11-16,barclays,Nickel Creek @ Barclays Center,Concert,2024-11-16 17:00:00,2024-11-17 02:00:00,True,3,2024-11-16 23:00:00,5159.0,682.0,7.564516129032258,3.0209575232647476,both
nba-347458c24670,2024-11-17,msg_penn,NYK vs Brooklyn Nets,Sports-NBA,2024-11-17 16:00:00,2024-11-18 00:30:00,True,6,2024-11-17 21:00:00,3743.0,1514.0,2.47225891677675,6.32881917134871,both
concert-4039d74dc6ca,2024-11-17,barclays,Buju Banton @ Barclays Center,Concert,2024-11-17 17:00:00,2024-11-18 02:00:00,True,3,2024-11-17 23:00:00,1336.0,336.0,3.9761904761904763,0.035874451495043064,ratio
nba-faca7645080e,2024-11-18,msg_penn,NYK vs Washington Wizards,Sports-NBA,2024-11-18 16:30:00,2024-11-19 01:00:00,True,3,2024-11-18 21:00:00,3241.0,2076.0,1.561175337186898,13.8589258719165,both
nba-24ddc5d313b8,2024-11-19,barclays,BRK vs Charlotte Hornets,Sports-NBA,2024-11-19 16:30:00,2024-11-20 01:00:00,True,3,2024-11-19 22:00:00,6314.0,707.0,8.930693069306932,1.1102455595411884,ratio
concert-72c443341ae2,2024-11-22,msg_penn,Dave Matthews Band @ Madison Square Garden,Concert,2024-11-22 17:00:00,2024-11-23 02:00:00,True,2,2024-11-22 22:00:00,2998.0,1789.5,1.6753283039955296,0.03567047635020247,ratio
concert-651a71d4319e,2024-11-23,msg_penn,Dave Matthews Band @ Madison Square Garden,Concert,2024-11-23 17:00:00,2024-11-24 02:00:00,True,3,2024-11-24 01:00:00,493.0,228.5,2.1575492341356672,0.0047897906169637955,ratio
concert-306a6a26a30f,2024-11-24,msg_penn,Warren Haynes Band @ Madison Square Garden,Concert,2024-11-24 17:00:00,2024-11-25 02:00:00,True,5,2024-11-24 23:00:00,1520.0,609.0,2.495894909688013,0.6771219687521399,ratio
nhl-b7675dcb006f,2024-11-25,msg_penn,NYR vs St. Louis Blues,Sports-NHL,2024-11-25 16:00:00,2024-11-26 00:30:00,False,0,,,,,,
concert-7b0a010583c8,2024-11-26,msg_penn,Pentatonix @ Madison Square Garden,Concert,2024-11-26 17:00:00,2024-11-27 02:00:00,True,3,2024-11-27 02:00:00,119.0,72.0,1.6527777777777777,2.2369430541177295,ratio
parade-ba57a89d2979,2024-11-28,times_sq,Macy's Thanksgiving Day Parade,Parade,2024-11-28 06:00:00,2024-11-28 15:00:00,True,2,2024-11-28 11:00:00,7504.0,4806.0,1.5613816063254264,18.92251806996272,both
nba-6bd130f0f36b,2024-11-29,barclays,BRK vs Orlando Magic,Sports-NBA,2024-11-29 16:30:00,2024-11-30 01:00:00,True,2,2024-11-29 22:00:00,5329.0,926.0,5.754859611231102,1.1170672157029224,ratio
concert-7a99116cf85a,2024-11-29,msg_penn,Creed @ Madison Square Garden,Concert,2024-11-29 17:00:00,2024-11-30 02:00:00,True,1,2024-11-29 23:00:00,1777.0,1170.5,1.5181546347714652,5.043996837112208,both
nhl-34785fbd321c,2024-11-30,msg_penn,NYR vs Montreal Canadiens,Sports-NHL,2024-11-30 16:00:00,2024-12-01 00:30:00,True,7,2024-11-30 23:00:00,2376.0,1180.0,2.013559322033898,1.8569923110320108,ratio
nba-a266486384db,2024-12-01,barclays,BRK vs Orlando Magic,Sports-NBA,2024-12-01 12:30:00,2024-12-01 21:00:00,True,2,2024-12-01 18:00:00,4928.0,1410.5,3.4937965260545907,1.1757306558103,ratio
nba-11ee6ee23fca,2024-12-01,msg_penn,NYK vs New Orleans Pelicans,Sports-NBA,2024-12-01 15:00:00,2024-12-01 23:30:00,True,9,2024-12-01 20:00:00,3855.0,1611.0,2.39292364990689,7.043098159454291,both
nhl-e78f6cfcf6ee,2024-12-02,msg_penn,NYR vs New Jersey Devils,Sports-NHL,2024-12-02 16:00:00,2024-12-03 00:30:00,True,5,2024-12-02 20:00:00,2016.0,1607.0,1.254511512134412,5.440651356460129,z
nba-fc60a1bd51cb,2024-12-03,msg_penn,NYK vs Orlando Magic,Sports-NBA,2024-12-03 16:30:00,2024-12-04 01:00:00,True,4,2024-12-03 22:00:00,2984.0,1564.0,1.907928388746803,2.7996979950579313,ratio
nba-c80e5a67c053,2024-12-04,barclays,BRK vs Indiana Pacers,Sports-NBA,2024-12-04 16:30:00,2024-12-05 01:00:00,True,3,2024-12-04 22:00:00,4875.0,682.0,7.148093841642229,1.2692090010943622,ratio
nba-34e9e366f0ff,2024-12-05,msg_penn,NYK vs Charlotte Hornets,Sports-NBA,2024-12-05 16:30:00,2024-12-06 01:00:00,True,3,2024-12-05 22:00:00,2921.0,1784.0,1.6373318385650224,9.174179863750991,both
concert-c2c588f9aa29,2024-12-05,barclays,Usher @ Barclays Center,Concert,2024-12-05 17:00:00,2024-12-06 02:00:00,True,2,2024-12-05 23:00:00,3137.0,495.5,6.330978809283552,2.126063815371143,ratio
nhl-8c0e177fff47,2024-12-06,msg_penn,NYR vs Pittsburgh Penguins,Sports-NHL,2024-12-06 16:00:00,2024-12-07 00:30:00,True,4,2024-12-06 22:00:00,3548.0,1692.0,2.0969267139479904,1.2352964965992321,ratio
concert-484bff50ff4c,2024-12-06,barclays,Usher @ Barclays Center,Concert,2024-12-06 17:00:00,2024-12-07 02:00:00,True,4,2024-12-07 00:00:00,1660.0,338.0,4.911242603550296,15.140242571102098,both
nba-fb045286f0cc,2024-12-07,msg_penn,NYK vs Detroit Pistons,Sports-NBA,2024-12-07 16:30:00,2024-12-08 01:00:00,True,5,2024-12-07 22:00:00,3348.0,1768.0,1.8936651583710407,11.389028101696647,both
nba-ca59c91941c0,2024-12-08,barclays,BRK vs Milwaukee Bucks,Sports-NBA,2024-12-08 12:30:00,2024-12-08 21:00:00,True,8,2024-12-08 18:00:00,7034.0,1410.5,4.9868840836582775,2.750417888487238,ratio
nhl-42ef6777b4a6,2024-12-08,msg_penn,NYR vs Seattle Kraken,Sports-NHL,2024-12-08 16:00:00,2024-12-09 00:30:00,True,1,2024-12-08 16:00:00,3550.0,2248.0,1.5791814946619218,3.004720846891508,both
nhl-5c80feac26ac,2024-12-09,msg_penn,NYR vs Chicago Blackhawks,Sports-NHL,2024-12-09 16:00:00,2024-12-10 00:30:00,True,2,2024-12-09 21:00:00,3300.0,2076.0,1.5895953757225434,0.7633286615183927,ratio
nba-c2da88b1d885,2024-12-11,msg_penn,NYK vs Atlanta Hawks,Sports-NBA,2024-12-11 16:00:00,2024-12-12 00:30:00,True,9,2024-12-11 21:00:00,4381.0,1633.5,2.6819712274257728,18.372590368701687,both
concert-fe395e840609,2024-12-13,msg_penn,twenty one pilots @ Madison Square Garden,Concert,2024-12-13 17:00:00,2024-12-14 02:00:00,True,3,2024-12-14 00:00:00,1546.0,703.0,2.199146514935989,6.66996499736008,both
nhl-a6ff1b5cacde,2024-12-14,msg_penn,NYR vs Los Angeles Kings,Sports-NHL,2024-12-14 16:00:00,2024-12-15 00:30:00,True,7,2024-12-15 00:00:00,1072.0,562.5,1.9057777777777778,2.424390720263713,ratio
nba-8a7b3cae21ce,2024-12-16,barclays,BRK vs Cleveland Cavaliers,Sports-NBA,2024-12-16 16:30:00,2024-12-17 01:00:00,True,4,2024-12-16 22:00:00,4156.0,642.5,6.468482490272374,75.4397676947667,both
concert-088da506b827,2024-12-16,msg_penn,J. Cole @ Madison Square Garden,Concert,2024-12-16 17:00:00,2024-12-17 02:00:00,True,5,2024-12-16 23:00:00,2339.0,718.5,3.255393180236604,30.702468675982143,both
concert-b3050a5b0594,2024-12-17,barclays,Mariah Carey @ Barclays Center,Concert,2024-12-17 17:00:00,2024-12-18 02:00:00,True,7,2024-12-17 22:00:00,5609.0,707.0,7.933521923620933,1.2476468046647309,ratio
concert-9ca395945d39,2024-12-18,barclays,Zach Bryan @ Barclays Center,Concert,2024-12-18 17:00:00,2024-12-19 02:00:00,True,4,2024-12-18 23:00:00,4730.0,420.5,11.248513674197383,33.70386226254711,both
concert-ea3e36eaee39,2024-12-18,msg_penn,Andrea Bocelli @ Madison Square Garden,Concert,2024-12-18 17:00:00,2024-12-19 02:00:00,True,6,2024-12-18 22:00:00,2453.0,1364.5,1.7977281055331624,0.20470271788045774,ratio
concert-b4a5b7f67a89,2024-12-19,barclays,Matt Maeson @ Barclays Center,Concert,2024-12-19 17:00:00,2024-12-20 02:00:00,True,5,2024-12-19 23:00:00,5105.0,495.5,10.302724520686176,2.864665419618373,ratio
concert-b3ff1e5c853b,2024-12-19,msg_penn,Andrea Bocelli @ Madison Square Garden,Concert,2024-12-19 17:00:00,2024-12-20 02:00:00,False,0,,,,,,
nba-94749db62b90,2024-12-21,barclays,BRK vs Utah Jazz,Sports-NBA,2024-12-21 16:30:00,2024-12-22 01:00:00,True,2,2024-12-21 22:00:00,4655.0,776.5,5.994848679974243,2.1544693700661472,ratio
nhl-9598e1e8ed9f,2024-12-22,msg_penn,NYR vs Carolina Hurricanes,Sports-NHL,2024-12-22 16:00:00,2024-12-23 00:30:00,False,0,,,,,,
nba-6e09d68f8cb4,2024-12-23,msg_penn,NYK vs Toronto Raptors,Sports-NBA,2024-12-23 16:30:00,2024-12-24 01:00:00,True,3,2024-12-23 22:00:00,2909.0,1415.5,2.055104203461674,12.310089219176628,both
nba-9bd0502fc36a,2024-12-25,msg_penn,NYK vs San Antonio Spurs,Sports-NBA,2024-12-25 09:00:00,2024-12-25 17:30:00,False,0,,,,,,
nba-4ad33ab1b385,2024-12-27,barclays,BRK vs San Antonio Spurs,Sports-NBA,2024-12-27 16:30:00,2024-12-28 01:00:00,True,2,2024-12-27 22:00:00,7567.0,926.0,8.17170626349892,2.5220409930199885,ratio
concert-614967f78c4d,2024-12-28,barclays,Honey Bxby @ Barclays Center,Concert,2024-12-28 17:00:00,2024-12-29 02:00:00,True,2,2024-12-28 23:00:00,1647.0,682.0,2.4149560117302054,0.23792550889008357,ratio
concert-9b9de85b2cf9,2024-12-28,msg_penn,Phish @ Madison Square Garden,Concert,2024-12-28 17:00:00,2024-12-29 02:00:00,True,1,2024-12-29 00:00:00,1095.0,562.5,1.9466666666666668,1.2148904025947231,ratio
concert-34d4bd75b3f8,2024-12-29,msg_penn,Phish @ Madison Square Garden,Concert,2024-12-29 17:00:00,2024-12-30 02:00:00,True,11,2024-12-29 23:00:00,1895.0,660.5,2.8690386071158214,4.190836029341322,both
concert-6925947713c6,2024-12-30,msg_penn,Phish @ Madison Square Garden,Concert,2024-12-30 17:00:00,2024-12-31 02:00:00,True,7,2024-12-31 00:00:00,1357.0,377.0,3.59946949602122,14.072070730856588,both
civic-de97b6a4d8e9,2024-12-31,times_sq,Times Square New Year's Eve,Civic,2024-12-31 12:00:00,2025-01-01 02:59:00,False,0,,,,,,
concert-be680dd88c77,2024-12-31,msg_penn,Phish @ Madison Square Garden,Concert,2024-12-31 17:00:00,2025-01-01 02:00:00,False,0,,,,,,
